main_instruments,budget_rub,original_max_error,envelope,envelope_percent,support_cases,scenario_of_max
3,50000,0.07081659110411916382031190275,0.07081660,7.08166000,84,462
3,51000,0.0694332155821807604491593348,0.06943322,6.94332200,32,313
3,52000,0.06629145770073109105891734005,0.06629146,6.62914600,4,885
4,50000,0.1583808202982746507812438209,0.15838083,15.83808300,564,540
4,51000,0.1556989537386620934303590986,0.15569896,15.56989600,487,469
4,52000,0.1493972746568669845331599928,0.14939728,14.93972800,382,702
4,53000,0.1457624866786005360816938054,0.14576249,14.57624900,280,855
4,54000,0.1422606157049019490541882530,0.14226062,14.22606200,182,712
4,55000,0.1382025617040699478824238602,0.13820257,13.82025700,98,570
4,56000,0.1282492557983680564840994852,0.12824926,12.82492600,29,885
4,57000,0.0660714455469346292223531335,0.06607145,6.60714500,6,623
5,50000,0.2616975611695916907172995694,0.26169757,26.16975700,353,55
5,51000,0.2552152995854113164999906012,0.25521531,25.52153100,482,135
5,52000,0.2552152995854113164999906012,0.25521530,25.52153000,615,135
5,53000,0.2442310856439820877325952485,0.24423109,24.42310900,721,889
5,54000,0.1299137680896165335825870001,0.12991377,12.99137700,819,193
5,55000,0.1286397967150738331701479851,0.12863980,12.86398000,900,996
5,56000,0.1280263959293486861982476249,0.12802640,12.80264000,947,996
5,57000,0.1261616964171899149380021738,0.12616170,12.61617000,904,654
5,58000,0.1237400414656990188152886270,0.12374005,12.37400500,806,957
5,59000,0.1231603538428959916495935200,0.12316036,12.31603600,680,957
5,60000,0.1176900341008596143508031397,0.11769004,11.76900400,547,850
5,61000,0.1151555865523163251569039068,0.11515559,11.51555900,421,748
5,62000,0.1124048600866338074439353274,0.11240487,11.24048700,317,921
5,63000,0.1096760911012019092348309936,0.10967610,10.96761000,235,861
5,64000,0.06417178479992706298040081925,0.06417179,6.41717900,173,367
5,65000,0.06409424106539322208981461685,0.06409425,6.40942500,121,471
5,66000,0.06350854015541699105844704295,0.06350855,6.35085500,71,133
5,67000,0.02300402877084901019652413005,0.02300403,2.30040300,38,133
5,68000,0.01446446063701951262836132185,0.01446447,1.44644700,12,936
5,69000,0.0118776191725108399764409618,0.01187762,1.18776200,2,84
6,55000,0.1023776587724195145616093349,0.20567278,20.56727800,3,261
6,56000,0.2056727600432915526108856457,0.20567277,20.56727700,25,232
6,57000,0.2047413208049948653066242555,0.20474133,20.47413300,91,232
6,58000,0.2004555280756449465912555039,0.20045553,20.04555300,185,673
6,59000,0.1016829612459004842725028294,0.10197989,10.19798900,296,439
6,60000,0.1007539105145443954427777602,0.10197988,10.19798800,393,733
6,61000,0.09991431711432825248612736955,0.10197987,10.19798700,481,834
6,62000,0.1019127433222560134645290122,0.10197986,10.19798600,506,905
6,63000,0.1007888441005640296570788989,0.10197985,10.19798500,524,390
6,64000,0.09770732228135427328707628435,0.10197984,10.19798400,493,610
6,65000,0.0994390720676289375196504095,0.10197983,10.19798300,441,373
6,66000,0.0974021635374868677860959191,0.10197982,10.19798200,384,524
6,67000,0.1011198813829029275872534740,0.10197981,10.19798100,283,711
6,68000,0.1019797904517831763451705552,0.10197980,10.19798000,194,480
6,69000,0.1001894781074230545291234550,0.10018948,10.01894800,116,840
6,70000,0.0889114467172383263504121847,0.09712741,9.71274100,54,769
6,71000,0.09712739025544149261420198115,0.09712740,9.71274000,20,930
6,72000,0.0593024127342684241562839996,0.05930242,5.93024200,6,133
6,73000,0.01879520713401825262120449538,0.01879521,1.87952100,1,580
7,58000,0.1712641185480127248390610442,0.25576807,25.57680700,10,634
7,59000,0.1735868882765277077810870492,0.25576806,25.57680600,25,216
7,60000,0.1708260245478882252256937864,0.25576805,25.57680500,61,363
7,61000,0.2557680336441503465048162904,0.25576804,25.57680400,99,515
7,62000,0.1761443855847362100463105832,0.17614439,17.61443900,178,806
7,63000,0.1728331738081972828912881957,0.17283318,17.28331800,242,55
7,64000,0.1726211363351718789311992492,0.17262115,17.26211500,334,839
7,65000,0.1726211363351718789311992492,0.17262114,17.26211400,436,839
7,66000,0.1719001178119190276332477540,0.17190012,17.19001200,525,839
7,67000,0.1653899237560153456474973095,0.16538993,16.53899300,617,499
7,68000,0.1630689632629181691034890627,0.16390556,16.39055600,665,477
7,69000,0.1639055423465475880283139474,0.16390555,16.39055500,656,865
7,70000,0.1609776307804903963554465852,0.16097764,16.09776400,629,888
7,71000,0.1574528152386183219534570778,0.15839055,15.83905500,579,198
7,72000,0.1583905360553796034531467884,0.15839054,15.83905400,503,315
7,73000,0.1521779462127595760666294067,0.15217795,15.21779500,432,534
7,74000,0.1501182676212017503810257936,0.15011827,15.01182700,375,367
7,75000,0.0771661463675471786025911055,0.07716615,7.71661500,301,598
7,76000,0.06850521012962692056317617455,0.06850522,6.85052200,251,133
7,77000,0.05636358687663348615724745845,0.05636359,5.63635900,176,133
7,78000,0.0557348266363849226691518485,0.05573483,5.57348300,125,740
7,79000,0.01634370396298197482496558181,0.01634371,1.63437100,63,374
7,80000,0.01358079122022541825488927132,0.01411808,1.41180800,40,687
7,81000,0.01411806392534010329276136020,0.01411807,1.41180700,19,567
7,82000,0.01100090187542104350336990210,0.01100091,1.10009100,5,860
8,64000,0.08261109452048452246164559205,0.22412862,22.41286200,1,654
8,65000,0.08096348825597597005377634055,0.22412861,22.41286100,3,361
8,66000,0.1560342964451557362942344153,0.22412860,22.41286000,21,101
8,67000,0.2241285884448709080720526384,0.22412859,22.41285900,63,857
8,68000,0.2219877829148060535133192871,0.22198779,22.19877900,130,52
8,69000,0.2174120281416639553106538788,0.21741203,21.74120300,227,148
8,70000,0.2165037358138347620486726655,0.21650374,21.65037400,318,148
8,71000,0.1467072997029006123114036584,0.20753400,20.75340000,402,193
8,72000,0.2075339813285517381089908574,0.20753399,20.75339900,492,444
8,73000,0.1420441874720748892916841224,0.14204419,14.20441900,568,54
8,74000,0.1391012044412982277669612908,0.13910121,13.91012100,626,408
8,75000,0.1375919269543683566014383962,0.13759193,13.75919300,700,222
8,76000,0.1350351820595071395457240228,0.13503519,13.50351900,750,850
8,77000,0.1331413514465857088538176632,0.13314136,13.31413600,825,902
8,78000,0.0692270805233309959163819495,0.06922709,6.92270900,876,142
8,79000,0.06813363929744507034410172455,0.06813364,6.81336400,938,470
8,80000,0.0667169218623417232536289443,0.06671693,6.67169300,961,517
8,81000,0.06591416093841518138686030535,0.06591417,6.59141700,982,122
8,82000,0.05955263822653219467460156035,0.05955264,5.95526400,996,457
8,83000,0.0538097702279436626552040240,0.05380978,5.38097800,1001,512
8,84000,0.0512693262676272350484829128,0.05126933,5.12693300,1001,860
8,85000,0.03738197702024978022483691028,0.04332535,4.33253500,1001,856
8,86000,0.03806409422784655529249961464,0.04332534,4.33253400,1001,989
8,87000,0.04064978021326144953356645190,0.04332533,4.33253300,1001,34
8,88000,0.04059904376745911441694611248,0.04332532,4.33253200,1001,557
8,89000,0.04011474582098686530079581612,0.04332531,4.33253100,1001,557
8,90000,0.03982768259828990113378339182,0.04332530,4.33253000,1001,157
8,91000,0.03948217093972165648058520142,0.04332529,4.33252900,997,680
8,92000,0.03903164846151562825624770746,0.04332528,4.33252800,984,49
8,93000,0.03867810040336835310156272335,0.04332527,4.33252700,951,49
8,94000,0.03836704028170229027262485866,0.04332526,4.33252600,906,527
8,95000,0.03973507898830320505228985042,0.04332525,4.33252500,845,839
8,96000,0.04001794535211153713910025370,0.04332524,4.33252400,777,856
8,97000,0.04116795659442326539597258838,0.04332523,4.33252300,696,203
8,98000,0.04064233297805352258998710056,0.04332522,4.33252200,623,25
8,99000,0.04211361139932249275693142638,0.04332521,4.33252100,535,160
8,100000,0.04282142528115462613975724695,0.04332520,4.33252000,471,855
8,101000,0.04312105333146867512391496425,0.04332519,4.33251900,399,872
8,102000,0.04332517609175762400661651290,0.04332518,4.33251800,345,704
8,103000,0.04310764380640453350309832182,0.04310765,4.31076500,291,137
8,104000,0.04284978487952572137278834618,0.04284979,4.28497900,246,456
8,105000,0.04192708194801335463394101744,0.04226275,4.22627500,202,204
8,106000,0.04226273739829255737903990374,0.04226274,4.22627400,164,354
8,107000,0.04198723910276924266565778783,0.04198724,4.19872400,136,709
8,108000,0.04066628045441976373493805244,0.04066629,4.06662900,108,709
8,109000,0.04001025077120529468963032042,0.04001026,4.00102600,73,89
8,110000,0.01678550877517181117744595488,0.01678551,1.67855100,44,382
8,111000,0.01516880463645147640778435592,0.01516881,1.51688100,22,676
8,112000,0.01442465443139720972012915240,0.01442466,1.44246600,13,638
8,113000,0.00986823546839618443254303217,0.00986824,0.98682400,7,578
8,114000,0.009631642076186076350038541265,0.00963165,0.96316500,4,974
8,115000,0.00945169508002097460412307447,0.00945170,0.94517000,1,464
9,91000,0.03809320912256032147114532458,0.06694498,6.69449800,4,504
9,92000,0.03764182239254888893853005834,0.06694497,6.69449700,17,751
9,93000,0.04031079040531930327631389958,0.06694496,6.69449600,50,241
9,94000,0.04980987427439832131563033798,0.06694495,6.69449500,94,635
9,95000,0.04921021591843523035163900186,0.06694494,6.69449400,151,125
9,96000,0.04910631204480804577563199714,0.06694493,6.69449300,213,635
9,97000,0.04866280634094934864010403814,0.06694492,6.69449200,282,750
9,98000,0.04866280634094934864010403814,0.06694491,6.69449100,342,750
9,99000,0.04812198151381816115019599530,0.06694490,6.69449000,403,387
9,100000,0.04799558205170336527074794730,0.06694489,6.69448900,445,387
9,101000,0.04684594568735169115934356505,0.06694488,6.69448800,477,524
9,102000,0.04786423481103938545764462672,0.06694487,6.69448700,500,707
9,103000,0.06694485884437337720640902345,0.06694486,6.69448600,500,370
9,104000,0.05492212000558942308236220775,0.05492213,5.49221300,496,993
9,105000,0.0549103173323030998173131316,0.05491032,5.49103200,485,12
9,106000,0.0538367451449120701986431072,0.05383675,5.38367500,477,401
9,107000,0.0532823164139493701118555772,0.05328232,5.32823200,448,281
9,108000,0.0530194508681423488465722285,0.05301946,5.30194600,410,281
9,109000,0.0524759876464439008573983086,0.05247599,5.24759900,370,618
9,110000,0.05194291507323168153639156665,0.05194292,5.19429200,337,748
9,111000,0.0510731178638167015619045968,0.05107312,5.10731200,289,846
9,112000,0.05090215398268057766122926355,0.05090216,5.09021600,220,246
9,113000,0.04971758670160953275478257548,0.04971759,4.97175900,176,354
9,114000,0.04927916091581808523082530428,0.04927917,4.92791700,122,382
9,115000,0.04769887308037052742984345900,0.04769888,4.76988800,79,488
9,116000,0.04674745758276833239149943952,0.04674746,4.67474600,47,464
9,117000,0.01608412105348710237998863904,0.01608413,1.60841300,26,752
9,118000,0.01127163436247083739092462160,0.01127164,1.12716400,10,752
9,119000,0.007554493977889464895362984395,0.00755450,0.75545000,1,182
10,94000,0.04495254975796556133789694523,0.09127858,9.12785800,1,609
10,95000,0.08173371277158344674240745435,0.09127857,9.12785700,5,296
10,96000,0.0821687109694290973773494749,0.09127856,9.12785600,11,982
10,97000,0.0808867550403167130060086511,0.09127855,9.12785500,23,737
10,98000,0.08030410168603601393070527075,0.09127854,9.12785400,36,282
10,99000,0.0801020875404967796721343374,0.09127853,9.12785300,63,282
10,100000,0.0791423932756366692134098544,0.09127852,9.12785200,85,322
10,101000,0.07736079749866088512726647545,0.09127851,9.12785100,125,316
10,102000,0.07670312115337402847759002355,0.09127850,9.12785000,156,304
10,103000,0.0760417441888074240417824002,0.09127849,9.12784900,210,968
10,104000,0.07485685869561871196563386425,0.09127848,9.12784800,259,745
10,105000,0.0837349374936847175098808108,0.09127847,9.12784700,313,260
10,106000,0.0739649154670842295542384115,0.09127846,9.12784600,357,480
10,107000,0.0800087325786341523143260302,0.09127845,9.12784500,405,872
10,108000,0.0912784282398186219917511733,0.09127844,9.12784400,456,477
10,109000,0.0912784282398186219917511733,0.09127843,9.12784300,510,477
10,110000,0.09014645824783614741510925755,0.09014646,9.01464600,544,808
10,111000,0.0852338688715636785689222430,0.08628994,8.62899400,582,58
10,112000,0.0781001490869581395249727754,0.08628993,8.62899300,610,358
10,113000,0.08628991507026716148743547405,0.08628992,8.62899200,599,898
10,114000,0.0748699119073468790333946131,0.08328064,8.32806400,603,89
10,115000,0.0628792466453579334534639707,0.08328063,8.32806300,581,354
10,116000,0.08328061147485139120022518665,0.08328062,8.32806200,551,974
10,117000,0.04666512046192331039438603205,0.04666513,4.66651300,494,176
10,118000,0.04593081893693916873109989440,0.04593082,4.59308200,433,709
10,119000,0.03744546587618020293021367766,0.03744547,3.74454700,375,97
10,120000,0.03709641148051977887464452974,0.03709642,3.70964200,317,678
10,121000,0.03276907992013646290118488996,0.03325798,3.32579800,256,917
10,122000,0.01278990906300659433875278560,0.03325797,3.32579700,205,473
10,123000,0.01323340273776152595309668798,0.03325796,3.32579600,155,563
10,124000,0.01328899921262289620258774578,0.03325795,3.32579500,120,535
10,125000,0.03129684198157592783408008336,0.03325794,3.32579400,94,379
10,126000,0.03076207637328479940151240822,0.03325793,3.32579300,76,297
10,127000,0.03025114909860828356309954259,0.03325792,3.32579200,52,297
10,128000,0.03161423062697700072754974304,0.03325791,3.32579100,37,401
10,129000,0.03325789700955898133280704918,0.03325790,3.32579000,27,751
10,130000,0.03312942713285407164091719702,0.03312943,3.31294300,11,643
10,131000,0.01201904145849690856434152768,0.01201905,1.20190500,3,363
11,105000,0.04015983159124130491656667240,0.10602131,10.60213100,1,601
11,106000,0.0821237339131625857165284662,0.10602130,10.60213000,3,510
11,107000,0.0667017420244377938699731969,0.10602129,10.60212900,12,141
11,108000,0.0749365807821698860693875765,0.10602128,10.60212800,27,470
11,109000,0.1060212656386561503722366415,0.10602127,10.60212700,48,494
11,110000,0.1057649570162044122329646208,0.10576496,10.57649600,76,494
11,111000,0.1051290167398924541395902133,0.10512902,10.51290200,108,784
11,112000,0.1026718390385715026377819338,0.10279799,10.27979900,158,205
11,113000,0.1027979775827754009499536459,0.10279798,10.27979800,219,204
11,114000,0.1012796459015612000428795836,0.10127965,10.12796500,266,40
11,115000,0.1008564902959600053965821546,0.10085650,10.08565000,325,637
11,116000,0.07460632039869010262502271655,0.07460633,7.46063300,375,843
11,117000,0.0728199500029599241001473981,0.07281996,7.28199600,429,740
11,118000,0.0707292985313591129993620057,0.07081459,7.08145900,465,790
11,119000,0.07081457536803488694615730455,0.07081458,7.08145800,506,734
11,120000,0.03771213919533446114466974984,0.07024616,7.02461600,516,151
11,121000,0.0702461412952998944604952306,0.07024615,7.02461500,515,995
11,122000,0.06986967675568248887450477195,0.06986968,6.98696800,502,995
11,123000,0.03650287151828994562492290096,0.04078459,4.07845900,482,836
11,124000,0.03561049302859233763414447230,0.04078458,4.07845800,453,591
11,125000,0.03553068378405143554896190236,0.04078457,4.07845700,397,591
11,126000,0.04078453804018489504971856664,0.04078456,4.07845600,360,379
11,127000,0.04078453804018489504971856664,0.04078455,4.07845500,320,379
11,128000,0.04078453804018489504971856664,0.04078454,4.07845400,275,379
11,129000,0.04024667764370400515392758144,0.04024668,4.02466800,241,352
11,130000,0.04009736806501389179829888052,0.04009738,4.00973800,208,867
11,131000,0.04009736806501389179829888052,0.04009737,4.00973700,171,867
11,132000,0.03971771201338984849987424464,0.03971772,3.97177200,136,50
11,133000,0.03929035146201324978905071168,0.03929036,3.92903600,101,853
11,134000,0.03920799017153015959338926578,0.03920800,3.92080000,76,853
11,135000,0.03270021959730470793181654840,0.03270022,3.27002200,48,872
11,136000,0.03249423337705783736921588869,0.03249424,3.24942400,31,673
11,137000,0.03238925704004441407490913359,0.03238926,3.23892600,19,217
11,138000,0.03106066315387436160733238761,0.03231825,3.23182500,13,673
11,139000,0.03216234007015205756260473394,0.03231824,3.23182400,8,699
11,140000,0.03165784471735085070116081228,0.03231823,3.23182300,6,699
11,141000,0.03123472379917152721028560101,0.03231822,3.23182200,2,801
11,142000,0.03231820583554920383057823022,0.03231821,3.23182100,2,502
11,143000,0.03186639783725581813030338258,0.03186640,3.18664000,1,502
11,144000,0.00861234370359739951938429199,0.00861235,0.86123500,1,502
12,114000,0.1042028725257664290113023574,0.10444444,10.44444400,6,887
12,115000,0.1027217103970966337019492430,0.10444443,10.44444300,15,845
12,116000,0.1015649036653861644084243923,0.10444442,10.44444200,28,848
12,117000,0.1024588796781024623204201093,0.10444441,10.44444100,50,264
12,118000,0.0697284642047180282725839062,0.10444440,10.44444000,87,618
12,119000,0.1044443825570078388624128602,0.10444439,10.44443900,109,326
12,120000,0.0691721491919921746610507426,0.09903214,9.90321400,149,712
12,121000,0.0990321228422533315718581655,0.09903213,9.90321300,202,678
12,122000,0.0966531844205468949891107914,0.09665319,9.66531900,250,202
12,123000,0.0667048509826494987394087988,0.06696866,6.69686600,299,651
12,124000,0.06608443243596042226338648395,0.06696865,6.69686500,343,486
12,125000,0.06625218139894799510083950575,0.06696864,6.69686400,400,651
12,126000,0.06696862236986862621358907525,0.06696863,6.69686300,418,940
12,127000,0.0637974026235072597894027835,0.06379741,6.37974100,451,14
12,128000,0.0624997434634401180091834380,0.06253447,6.25344700,471,948
12,129000,0.0625344549959746126447155378,0.06253446,6.25344600,475,603
12,130000,0.0595940053615928686593942175,0.06088382,6.08838200,474,704
12,131000,0.0608838071856761830120436811,0.06088381,6.08838100,465,284
12,132000,0.05848913384318853481650553405,0.05848914,5.84891400,450,246
12,133000,0.05825394503678781763992459715,0.05825395,5.82539500,430,246
12,134000,0.05753414182314828975831265165,0.05753415,5.75341500,385,713
12,135000,0.05645775902265074055572665615,0.05645776,5.64577600,346,363
12,136000,0.03336447451627180477250559575,0.03379423,3.37942300,296,576
12,137000,0.03332078048959345644898678564,0.03379422,3.37942200,243,123
12,138000,0.03379420110662369367218943456,0.03379421,3.37942100,194,84
12,139000,0.03280700545612820497188420128,0.03280701,3.28070100,140,469
12,140000,0.03240755251910513514727379525,0.03255014,3.25501400,97,222
12,141000,0.03202508441042767636844235626,0.03255013,3.25501300,65,746
12,142000,0.03169590468927763538929295319,0.03255012,3.25501200,35,407
12,143000,0.03255010346156919603680576428,0.03255011,3.25501100,19,698
12,144000,0.03110783920740505166560528180,0.03147283,3.14728300,9,360
12,145000,0.03147281426298874420117096152,0.03147282,3.14728200,5,479
12,146000,0.02961439398100336814217016847,0.02961440,2.96144000,3,322
13,117000,0.06866608479345633021329231885,0.13230944,13.23094400,2,193
13,118000,0.06897012097403743534977618535,0.13230943,13.23094300,6,193
13,119000,0.0974055237270999860276752164,0.13230942,13.23094200,10,873
13,120000,0.09787149531577638151115639785,0.13230941,13.23094100,19,648
13,121000,0.1323093912930894207834844408,0.13230940,13.23094000,28,986
13,122000,0.0961279369794217523939206002,0.09612794,9.61279400,44,983
13,123000,0.0949523910637941652927808286,0.09495240,9.49524000,65,461
13,124000,0.0948832615080202647491595073,0.09488327,9.48832700,85,461
13,125000,0.09009376365523964336506237185,0.09009377,9.00937700,110,604
13,126000,0.0637195928109301004188829424,0.06482423,6.48242300,147,248
13,127000,0.06250168773858155003680127905,0.06482422,6.48242200,178,382
13,128000,0.0618769506749419340206744020,0.06482421,6.48242100,218,307
13,129000,0.06113864306519055550508163725,0.06482420,6.48242000,258,432
13,130000,0.0609828603780455037427693928,0.06482419,6.48241900,308,682
13,131000,0.0648241790363445716052635772,0.06482418,6.48241800,360,181
13,132000,0.06469282842351151821885230535,0.06469283,6.46928300,410,181
13,133000,0.06425514729535758618535786835,0.06425515,6.42551500,458,181
13,134000,0.06409997867632448363362063665,0.06409998,6.40999800,512,181
13,135000,0.06297863162304547347236549025,0.06297864,6.29786400,557,50
13,136000,0.0625258636928426896461558194,0.06252587,6.25258700,592,281
13,137000,0.0616528509476094418941531195,0.06171443,6.17144300,617,889
13,138000,0.06171441190953492713999305315,0.06171442,6.17144200,608,889
13,139000,0.0610823310887793235009422906,0.06108234,6.10823400,607,309
13,140000,0.06053331328160419885714246535,0.06053332,6.05333200,590,309
13,141000,0.05874344832743173178695360725,0.05874345,5.87434500,562,396
13,142000,0.0573522605707524445134340620,0.05756682,5.75668200,536,747
13,143000,0.05742486788869459269359887365,0.05756681,5.75668100,478,413
13,144000,0.0575667956620403616687803089,0.05756680,5.75668000,430,217
13,145000,0.0560921435248019951874664443,0.05629310,5.62931000,373,699
13,146000,0.0562930841757035085546374690,0.05629309,5.62930900,327,699
13,147000,0.0540971928926447915500254332,0.05460878,5.46087800,298,502
13,148000,0.05429676882419371743449368475,0.05460877,5.46087700,258,502
13,149000,0.0546087560181938515880645051,0.05460876,5.46087600,222,502
13,150000,0.03111532487005723698676372430,0.03115752,3.11575200,195,611
13,151000,0.03083940207552420793693004374,0.03115751,3.11575100,164,263
13,152000,0.03115749667473090555917304416,0.03115750,3.11575000,149,740
13,153000,0.03063347982196893904535286250,0.03063348,3.06334800,127,740
13,154000,0.03051535275006303990143128166,0.03051536,3.05153600,109,457
13,155000,0.02509330457748466180698275486,0.02509331,2.50933100,89,561
13,156000,0.02428943949699219536320220583,0.02501391,2.50139100,68,51
13,157000,0.02501389288367590688476638160,0.02501390,2.50139000,52,902
13,158000,0.02460892618945842546349108622,0.02482047,2.48204700,40,902
13,159000,0.02482045803277433237437939543,0.02482046,2.48204600,32,197
13,160000,0.02383550042669247207392764123,0.02448770,2.44877000,22,108
13,161000,0.02448768906411712613071798929,0.02448769,2.44876900,18,769
13,162000,0.00956873897398405478159774465,0.00956874,0.95687400,10,130
13,163000,0.009548416866550115634950712535,0.00954842,0.95484200,6,338
13,164000,0.009494706522756376334608847445,0.00949471,0.94947100,4,633
13,165000,0.00942981112020809621934436373,0.00942982,0.94298200,1,613
14,131000,0.0623019985444263569495749658,0.09113607,9.11360700,2,559
14,132000,0.0625152352987086735944998608,0.09113606,9.11360600,5,559
14,133000,0.0625519624294969772954351177,0.09113605,9.11360500,11,25
14,134000,0.06087147932574246664187861425,0.09113604,9.11360400,27,379
14,135000,0.09113602071434210634479830785,0.09113603,9.11360300,47,386
14,136000,0.0897018411467427036034291323,0.08987823,8.98782300,75,377
14,137000,0.08987821371072803512596150065,0.08987822,8.98782200,110,377
14,138000,0.0605102354668688678666836564,0.08633443,8.63344300,170,918
14,139000,0.08621713889649450091109986775,0.08633442,8.63344200,220,121
14,140000,0.0863344013439425838630864918,0.08633441,8.63344100,268,121
14,141000,0.0860824265310703535896876916,0.08608243,8.60824300,319,949
14,142000,0.0855865969000815102105568667,0.08558660,8.55866000,351,949
14,143000,0.08318036193818067481643657125,0.08318037,8.31803700,405,673
14,144000,0.0818773793421882083533951225,0.08264266,8.26426600,437,673
14,145000,0.0818773793421882083533951225,0.08264265,8.26426500,477,673
14,146000,0.08264263106128742362751159165,0.08264264,8.26426400,508,801
14,147000,0.0824719878400404164769145630,0.08247199,8.24719900,506,801
14,148000,0.0549068573469753168373706815,0.05490686,5.49068600,514,801
14,149000,0.0532496387387756707794514021,0.05324964,5.32496400,517,28
14,150000,0.05314070982178497979801157655,0.05314071,5.31407100,505,28
14,151000,0.05263545402028799165061732455,0.05263546,5.26354600,493,28
14,152000,0.03675041747811785810216139080,0.03675042,3.67504200,477,28
14,153000,0.03384779071017421807191586331,0.03384780,3.38478000,460,710
14,154000,0.03054892198037548721750457672,0.03054893,3.05489300,447,611
14,155000,0.03043656309302882525362191258,0.03043657,3.04365700,416,564
14,156000,0.02990690707712828046155690812,0.02999451,2.99945100,394,89
14,157000,0.02931538434252420117563539040,0.02999450,2.99945000,358,77
14,158000,0.02999448371616017652475907361,0.02999449,2.99944900,318,457
14,159000,0.02544144816021958492312076262,0.02544145,2.54414500,288,775
14,160000,0.02470176817253440313418625604,0.02470177,2.47017700,252,241
14,161000,0.02463696242107951428320451852,0.02463697,2.46369700,209,197
14,162000,0.02457375240318852254282814952,0.02457376,2.45737600,181,45
14,163000,0.02447528430630654284120449720,0.02447529,2.44752900,147,211
14,164000,0.02437876799438990189367890244,0.02437877,2.43787700,119,211
14,165000,0.02414645457816473255844712926,0.02414646,2.41464600,87,527
14,166000,0.02386194871947119939438607607,0.02386195,2.38619500,61,186
14,167000,0.02384915333092200339282607753,0.02384916,2.38491600,36,564
14,168000,0.02114765925918690117802339593,0.02248229,2.24822900,22,77
14,169000,0.02248227101486982988217342124,0.02248228,2.24822800,10,77
14,170000,0.00818873398516689773741750102,0.00841781,0.84178100,4,934
14,171000,0.00841778459762465081331029278,0.00841780,0.84178000,3,77
14,172000,0.00841778459762465081331029278,0.00841779,0.84177900,2,77
15,133000,0.02720106535311634074583798404,0.08696552,8.69655200,1,559
15,134000,0.00711015577809801951276608623,0.08696551,8.69655100,1,559
15,135000,0.0580936744994840192255810770,0.08696550,8.69655000,3,737
15,136000,0.0841600481623800991581210254,0.08696549,8.69654900,7,568
15,137000,0.05986105465929492899287957895,0.08696548,8.69654800,12,34
15,138000,0.0868204961443707776941034389,0.08696547,8.69654700,16,392
15,139000,0.08696545933676009388025897335,0.08696546,8.69654600,26,392
15,140000,0.0854465387770009279107856226,0.08561297,8.56129700,40,90
15,141000,0.0856129555779128808935805288,0.08561296,8.56129600,53,90
15,142000,0.08460043016417202756273004665,0.08460044,8.46004400,77,707
15,143000,0.08384492891839865843629910065,0.08384493,8.38449300,98,222
15,144000,0.0833335978411130162202893881,0.08333360,8.33336000,124,222
15,145000,0.0830836513320653867458140902,0.08308366,8.30836600,146,222
15,146000,0.0802646037742968768029102084,0.08169333,8.16933300,163,515
15,147000,0.08169331699009601311447503235,0.08169332,8.16933200,197,515
15,148000,0.08150970949995991515004353655,0.08150971,8.15097100,229,515
15,149000,0.0795311271244957377705595456,0.07953113,7.95311300,262,449
15,150000,0.0538565238578272755878999981,0.05385653,5.38565300,301,593
15,151000,0.05297181789602255255477085835,0.05297182,5.29718200,344,247
15,152000,0.0528104599113120288943905764,0.05281046,5.28104600,375,787
15,153000,0.0519775454650940734339685833,0.05197755,5.19775500,414,28
15,154000,0.0515158414106352002387471695,0.05151585,5.15158500,445,912
15,155000,0.04972229720119495799408313178,0.04972231,4.97223100,496,670
15,156000,0.04972229720119495799408313178,0.04972230,4.97223000,539,670
15,157000,0.04970603880805603947727369368,0.04970604,4.97060400,591,670
15,158000,0.04961003276243750349953089216,0.04961004,4.96100400,643,670
15,159000,0.04831132420455968117908889403,0.04831133,4.83113300,681,789
15,160000,0.04768661806257411002457865338,0.04768662,4.76866200,727,491
15,161000,0.04752355329943140328775447268,0.04752356,4.75235600,771,491
15,162000,0.04750651779191258651974822124,0.04750652,4.75065200,798,491
15,163000,0.04640141224750575671403073989,0.04640142,4.64014200,827,871
15,164000,0.04638575677649482839080376874,0.04638576,4.63857600,847,871
15,165000,0.04594656588603340845076299267,0.04594657,4.59465700,864,255
15,166000,0.04539919956405410568706328171,0.04539920,4.53992000,863,355
15,167000,0.04362005360177043122565245990,0.04362006,4.36200600,848,452
15,168000,0.02381148205829242385607819288,0.02606593,2.60659300,827,415
15,169000,0.02444359324589852638436118722,0.02606592,2.60659200,817,164
15,170000,0.02446629287797385065728012134,0.02606591,2.60659100,798,856
15,171000,0.02453663046795253011460429068,0.02606590,2.60659000,768,856
15,172000,0.02351121835761798471913514745,0.02606589,2.60658900,747,412
15,173000,0.02376950767739726992369318489,0.02606588,2.60658800,724,477
15,174000,0.02444900157824461460030601432,0.02606587,2.60658700,697,25
15,175000,0.02469761751002428203168553618,0.02606586,2.60658600,672,865
15,176000,0.02481849360670888170609540443,0.02606585,2.60658500,646,648
15,177000,0.02513195809355874876170077684,0.02606584,2.60658400,610,54
15,178000,0.02571871693400296022660904182,0.02606583,2.60658300,583,872
15,179000,0.02606581505644623435057602748,0.02606582,2.60658200,560,555
15,180000,0.02587269260976024792066101964,0.02587270,2.58727000,535,555
15,181000,0.02587122893795822271842582150,0.02587123,2.58712300,503,849
15,182000,0.02580278773571088967729112265,0.02580279,2.58027900,480,605
15,183000,0.02567264668968128221252175676,0.02567265,2.56726500,455,289
15,184000,0.02547030521024345369357424842,0.02547031,2.54703100,429,678
15,185000,0.02545055807575892846653539756,0.02545056,2.54505600,400,816
15,186000,0.02539767172379024537871750196,0.02539768,2.53976800,370,423
15,187000,0.02531898894084105203783791883,0.02531899,2.53189900,330,343
15,188000,0.02518655775284151717287841836,0.02518656,2.51865600,312,502
15,189000,0.02512626544767308043454868059,0.02512627,2.51262700,288,564
15,190000,0.02498835388086911192561974097,0.02498836,2.49883600,261,740
15,191000,0.02459243633876059557147836544,0.02488088,2.48808800,237,740
15,192000,0.02488086352886995663223919864,0.02488087,2.48808700,203,457
15,193000,0.02441364394837262119238770280,0.02441365,2.44136500,177,457
15,194000,0.01384042710434008557830757041,0.01384043,1.38404300,156,957
15,195000,0.01349294529652123352230124625,0.01374316,1.37431600,135,395
15,196000,0.01358184735673173276399669946,0.01374315,1.37431500,110,475
15,197000,0.01374313062917996085975293128,0.01374314,1.37431400,86,397
15,198000,0.01340218807715173554337786472,0.01346354,1.34635400,65,11
15,199000,0.01296582434503424844198359328,0.01346353,1.34635300,49,302
15,200000,0.01346351373387768272401010086,0.01346352,1.34635200,33,253
15,201000,0.01279013121044471670102441830,0.01308045,1.30804500,25,814
15,202000,0.01308043586688306717150667968,0.01308044,1.30804400,17,813
15,203000,0.01274086745484650890634497300,0.01274087,1.27408700,10,625
15,204000,0.01242907576461738337045145805,0.01257676,1.25767600,8,625
15,205000,0.01257674832716664972757083137,0.01257675,1.25767500,4,670
15,206000,0.01194090779870980589474701428,0.01227617,1.22761700,2,580
15,207000,0.01112864855692853985285978985,0.01227616,1.22761600,1,670
15,208000,0.01227614458513954634389407578,0.01227615,1.22761500,1,670
16,161000,0.02288293951948847286974411510,0.04488906,4.48890600,3,905
16,162000,0.04488904344136438916797275244,0.04488905,4.48890500,12,497
16,163000,0.04487421499488856660551845144,0.04487422,4.48742200,21,497
16,164000,0.04405802651047614434111933954,0.04423505,4.42350500,31,873
16,165000,0.04423503112830680640837700532,0.04423504,4.42350400,49,764
16,166000,0.04408057362507116858416512974,0.04408058,4.40805800,77,764
16,167000,0.04359208591752534360380930054,0.04359209,4.35920900,117,556
16,168000,0.04316753077585727360869297155,0.04316754,4.31675400,152,786
16,169000,0.04307847734342887109336467438,0.04307848,4.30784800,174,786
16,170000,0.04269041099916526475298826117,0.04269042,4.26904200,199,252
16,171000,0.04204127274063864425773492163,0.04204128,4.20412800,230,611
16,172000,0.02406713578526644696504828764,0.02783933,2.78393300,252,971
16,173000,0.02487944734616362435665281914,0.02783932,2.78393200,277,798
16,174000,0.02454325521755520253743491914,0.02783931,2.78393100,304,164
16,175000,0.02446720174188330024776034364,0.02783930,2.78393000,329,677
16,176000,0.02374877529806057465498848584,0.02783929,2.78392900,355,306
16,177000,0.02434788412288769740676997878,0.02783928,2.78392800,391,150
16,178000,0.02448866979790061090998897276,0.02783927,2.78392700,418,203
16,179000,0.02464077951532526121205084192,0.02783926,2.78392600,441,767
16,180000,0.02518137744762793104831539582,0.02783925,2.78392500,466,767
16,181000,0.02482633815663773734072206368,0.02783924,2.78392400,498,727
16,182000,0.02579615474016342944998728642,0.02783923,2.78392300,521,469
16,183000,0.02567754132049236100773149624,0.02783922,2.78392200,546,704
16,184000,0.02556671035942614898213116403,0.02783921,2.78392100,572,704
16,185000,0.02556183946048782201179465608,0.02783920,2.78392000,601,493
16,186000,0.02551022027349176226957855922,0.02783919,2.78391900,631,153
16,187000,0.02537586475523584038243965328,0.02783918,2.78391800,671,592
16,188000,0.02530623196135707304199505152,0.02783917,2.78391700,689,456
16,189000,0.02519199740401185243418432238,0.02783916,2.78391600,713,877
16,190000,0.02510933260714239105534322455,0.02783915,2.78391500,740,204
16,191000,0.02504419828912369477813108264,0.02783914,2.78391400,764,429
16,192000,0.02759398569291882416683487808,0.02783913,2.78391300,798,25
16,193000,0.02778085008736528109488384782,0.02783912,2.78391200,824,654
16,194000,0.02783910311239663969940329151,0.02783911,2.78391100,845,416
16,195000,0.02740236217628597261453655737,0.02753247,2.75324700,866,416
16,196000,0.02753245525951097507130577552,0.02753246,2.75324600,891,408
16,197000,0.02723838614689680268962140696,0.02735312,2.73531200,915,968
16,198000,0.02735310269650721169709971670,0.02735311,2.73531100,936,326
16,199000,0.02702869487930174147279945284,0.02730829,2.73082900,952,58
16,200000,0.02714576910092190842933225565,0.02730828,2.73082800,968,746
16,201000,0.02730826295282757081647620355,0.02730827,2.73082700,976,948
16,202000,0.02664819048426823197207665450,0.02667752,2.66775200,984,825
16,203000,0.02667750504716458776268609626,0.02667751,2.66775100,991,464
16,204000,0.02655371835341435781172063488,0.02655372,2.65537200,993,358
16,205000,0.02648311646097377481693445056,0.02648312,2.64831200,997,814
16,206000,0.02618946375753623302108107783,0.02618947,2.61894700,999,793
16,207000,0.02612738767247603651377405645,0.02612739,2.61273900,1000,623
16,208000,0.02566021131543861992777487370,0.02566022,2.56602200,1000,623
16,209000,0.02563682373724553733318704728,0.02563683,2.56368300,1001,670
16,210000,0.02561624463457296408971465641,0.02561625,2.56162500,1001,670
16,211000,0.02523159764873446168314328888,0.02523160,2.52316000,1001,670
16,212000,0.02189603828234467182758225769,0.02202762,2.20276200,1000,698
16,213000,0.02202760967349150898813899686,0.02202761,2.20276100,1000,670
16,214000,0.02189551380209484233338883354,0.02189552,2.18955200,998,959
16,215000,0.02163273470880746188403786872,0.02163275,2.16327500,996,978
16,216000,0.02163273470880746188403786872,0.02163274,2.16327400,995,978
16,217000,0.02147310590951246949298153627,0.02147311,2.14731100,989,512
16,218000,0.02143978067182942304211357897,0.02143979,2.14397900,981,740
16,219000,0.02128367694875885507922522928,0.02128369,2.12836900,967,457
16,220000,0.02128367694875885507922522928,0.02128368,2.12836800,953,457
16,221000,0.02079623058915335893671248424,0.02079624,2.07962400,936,433
16,222000,0.01782633363872216848707624904,0.01962028,1.96202800,918,457
16,223000,0.01763144409087071809063511559,0.01962027,1.96202700,896,28
16,224000,0.01835853355119018182741198678,0.01962026,1.96202600,872,856
16,225000,0.01454948325039572556443860113,0.01962025,1.96202500,845,545
16,226000,0.01505209032627544676462056240,0.01962024,1.96202400,821,897
16,227000,0.01757685310385044127668363103,0.01962023,1.96202300,790,905
16,228000,0.01753884962653417452151095078,0.01962022,1.96202200,768,905
16,229000,0.01830311131111468243429893153,0.01962021,1.96202100,743,25
16,230000,0.01842400004570632005320273948,0.01962020,1.96202000,709,865
16,231000,0.01834027740553532683690990931,0.01962019,1.96201900,665,655
16,232000,0.01813095664998016757874719246,0.01962018,1.96201800,636,181
16,233000,0.01839937923362693600323938124,0.01962017,1.96201700,598,71
16,234000,0.01923289953109763782175910612,0.01962016,1.96201600,566,707
16,235000,0.01862414867925078395314827438,0.01962015,1.96201500,528,827
16,236000,0.01962013284602646325157808910,0.01962014,1.96201400,492,102
16,237000,0.01880819552559881135456336875,0.01941576,1.94157600,457,773
16,238000,0.01941574660104197739995597426,0.01941575,1.94157500,422,16
16,239000,0.01903991976593184029700031112,0.01924975,1.92497500,394,314
16,240000,0.01911056930544475705238934630,0.01924974,1.92497400,374,332
16,241000,0.01924972852333719350444751232,0.01924973,1.92497300,349,592
16,242000,0.01916922041732314396506964084,0.01916923,1.91692300,320,816
16,243000,0.01881353791154834751449578596,0.01904661,1.90466100,296,70
16,244000,0.01904659801400065985676657594,0.01904660,1.90466000,278,68
16,245000,0.01896611230647485082805007952,0.01896612,1.89661200,260,569
16,246000,0.01893855424038369962448987447,0.01893856,1.89385600,238,429
16,247000,0.01870675611690036060487785590,0.01878296,1.87829600,218,551
16,248000,0.01878294533776166145631342004,0.01878295,1.87829500,201,860
16,249000,0.01875767563331629780794758193,0.01875768,1.87576800,185,740
16,250000,0.01852574177092435195126253138,0.01852575,1.85257500,168,405
16,251000,0.01832743315360344823159180188,0.01832744,1.83274400,145,860
16,252000,0.01795887760586681874181533782,0.01795888,1.79588800,128,405
16,253000,0.01662572375558883434513187448,0.01790039,1.79003900,123,789
16,254000,0.01790037512399630580552881002,0.01790038,1.79003800,107,740
16,255000,0.01695715806223411048400381942,0.01774916,1.77491600,97,993
16,256000,0.01714899555918412322887296078,0.01774915,1.77491500,84,296
16,257000,0.01720594288625095331571654960,0.01774914,1.77491400,73,241
16,258000,0.01662759415158454658514859430,0.01774913,1.77491300,65,881
16,259000,0.01715757977740115098302258475,0.01774912,1.77491200,54,854
16,260000,0.01671032933426822538474980036,0.01774911,1.77491100,48,854
16,261000,0.01645317129221382094917750022,0.01774910,1.77491000,41,854
16,262000,0.01714370420606019504425854220,0.01774909,1.77490900,31,395
16,263000,0.01723160952075017619718120780,0.01774908,1.77490800,24,395
16,264000,0.01718547591819007490714441946,0.01774907,1.77490700,17,16
16,265000,0.01774905217878240577178877799,0.01774906,1.77490600,16,16
16,266000,0.01718009109616683175372687595,0.01738192,1.73819200,9,16
16,267000,0.01718009109616683175372687595,0.01738191,1.73819100,9,16
16,268000,0.01390042841835749152112453532,0.01738190,1.73819000,7,740
16,269000,0.01671964883841879987965301280,0.01738189,1.73818900,5,339
16,270000,0.01738187358151493019700854542,0.01738188,1.73818800,4,339
16,271000,0.01696739524642497980172524910,0.01696740,1.69674000,3,339
16,272000,0.00878579625905819046948150123,0.00878580,0.87858000,1,57
17,212000,0.01585727452295847660047201094,0.03202374,3.20237400,1,839
17,213000,0.01576751344134815359991830514,0.03202373,3.20237300,1,839
17,214000,0.01576222644686817152266559310,0.03202372,3.20237200,3,477
17,215000,0.01566480500983602753514970932,0.03202371,3.20237100,5,477
17,216000,0.01560116818619299726605311708,0.03202370,3.20237000,6,600
17,217000,0.01556009928394957359122174584,0.03202369,3.20236900,12,925
17,218000,0.01554460325701851308737726894,0.03202368,3.20236800,20,745
17,219000,0.01544517304873620563129629635,0.03202367,3.20236700,34,788
17,220000,0.01539505344937518267430780295,0.03202366,3.20236600,48,552
17,221000,0.01777689533392324830008750424,0.03202365,3.20236500,65,508
17,222000,0.01894984401808292229526492592,0.03202364,3.20236400,83,779
17,223000,0.01748097903547545313423325339,0.03202363,3.20236300,104,297
17,224000,0.01737432423682059947733644450,0.03202362,3.20236200,127,297
17,225000,0.01871823923206586980790818484,0.03202361,3.20236100,150,758
17,226000,0.01864320013837494741242758634,0.03202360,3.20236000,169,571
17,227000,0.01717233728089647513615296578,0.03202359,3.20235900,197,756
17,228000,0.01805119701580989369474812108,0.03202358,3.20235800,217,856
17,229000,0.01801981018093393623169023830,0.03202357,3.20235700,234,714
17,230000,0.01812463696104371766836020930,0.03202356,3.20235600,265,355
17,231000,0.01747678250089779118859307751,0.03202355,3.20235500,300,261
17,232000,0.01803775526529877229140518350,0.03202354,3.20235400,318,809
17,233000,0.01822617348126872693993467608,0.03202353,3.20235300,341,203
17,234000,0.01915219579560124276961475128,0.03202352,3.20235200,360,767
17,235000,0.01804903151656573048876196118,0.03202351,3.20235100,388,655
17,236000,0.01828433861224857005596583103,0.03202350,3.20235000,417,198
17,237000,0.03135228177368011888689043010,0.03202349,3.20234900,433,647
17,238000,0.01872071541453451718162854020,0.03202348,3.20234800,452,164
17,239000,0.01952332185999995634461727014,0.03202347,3.20234700,469,704
17,240000,0.03202345557359393503846811907,0.03202346,3.20234600,472,954
17,241000,0.01942592377368522505029577824,0.03165351,3.16535100,478,493
17,242000,0.01936365257732866034936705952,0.03165350,3.16535000,485,462
17,243000,0.01935914696672922769131030950,0.03165349,3.16534900,490,153
17,244000,0.01915035668011844222635160602,0.03165348,3.16534800,486,871
17,245000,0.01917036647923403388210368300,0.03165347,3.16534700,480,894
17,246000,0.01915271834630156344076981794,0.03165346,3.16534600,474,534
17,247000,0.03165344438781146201099672470,0.03165345,3.16534500,466,769
17,248000,0.01876420875260892416650817220,0.02382464,2.38246400,451,934
17,249000,0.01879192788027564271738085102,0.02382463,2.38246300,443,471
17,250000,0.01890874483706359285130158906,0.02382462,2.38246200,427,774
17,251000,0.01862988358897263803834631216,0.02382461,2.38246100,418,959
17,252000,0.01876369661788445009052016876,0.02382460,2.38246000,416,174
17,253000,0.01855061952025218376104290556,0.02382459,2.38245900,399,174
17,254000,0.01865413634805622664560860164,0.02382458,2.38245800,377,457
17,255000,0.01840663073061984551485309576,0.02382457,2.38245700,363,28
17,256000,0.01821254885278317929950307974,0.02382456,2.38245600,346,457
17,257000,0.01792934348466415340929550114,0.02382455,2.38245500,323,106
17,258000,0.01806140708595033805605169784,0.02382454,2.38245400,310,357
17,259000,0.01827731526614508510042342076,0.02382453,2.38245300,291,357
17,260000,0.01770473572939724162039201688,0.02382452,2.38245200,268,28
17,261000,0.02382450832030211984468778540,0.02382451,2.38245100,243,789
17,262000,0.01792980146840729116709414016,0.01840470,1.84047000,227,600
17,263000,0.01788235217078070302024792248,0.01840469,1.84046900,203,68
17,264000,0.01763058189316036181407094942,0.01840468,1.84046800,189,653
17,265000,0.01734097379426897447061149668,0.01840467,1.84046700,173,572
17,266000,0.01726575216593117486303943882,0.01840466,1.84046600,158,995
17,267000,0.01762052243231819665040307250,0.01840465,1.84046500,137,995
17,268000,0.01793206222640863680965261143,0.01840464,1.84046400,123,573
17,269000,0.01776807866859754364138058658,0.01840463,1.84046300,108,667
17,270000,0.01826105431490449329123209868,0.01840462,1.84046200,93,614
17,271000,0.01840460018187184845378837028,0.01840461,1.84046100,82,667
17,272000,0.01769114600718631784330545271,0.01833127,1.83312700,71,617
17,273000,0.01765678093387409519194199218,0.01833126,1.83312600,57,176
17,274000,0.01759822727746632442623659114,0.01833125,1.83312500,46,358
17,275000,0.01762950822757548620373562298,0.01833124,1.83312400,34,613
17,276000,0.01833122819547409944250001682,0.01833123,1.83312300,24,358
17,277000,0.01743226552182111186436593453,0.01793391,1.79339100,18,318
17,278000,0.01793389997081075237745600286,0.01793390,1.79339000,14,545
17,279000,0.00891848095195529421000378724,0.00891849,0.89184900,13,917
17,280000,0.00851767023257150436733176100,0.00886006,0.88600600,7,393
17,281000,0.00867099304181891982558306943,0.00886005,0.88600500,4,393
17,282000,0.008860035498430744603653373645,0.00886004,0.88600400,1,28
18,223000,0.01369281022408206812119193494,0.03111146,3.11114600,1,737
18,224000,0.01364121532212145046066339850,0.03111145,3.11114500,2,737
18,225000,0.02814115002696983889197629390,0.03111144,3.11114400,6,465
18,226000,0.02798439330126916693056058796,0.03111143,3.11114300,11,465
18,227000,0.02732136708907299442345787090,0.03111142,3.11114200,14,953
18,228000,0.03002088176829594168856832958,0.03111141,3.11114100,16,953
18,229000,0.02998490256854702896452136462,0.03111140,3.11114000,24,953
18,230000,0.01661612485963620281593336904,0.03111139,3.11113900,27,47
18,231000,0.02686026883262990400800897301,0.03111138,3.11113800,36,674
18,232000,0.02951725931954960121513016114,0.03111137,3.11113700,47,674
18,233000,0.02930484779147070579716533960,0.03111136,3.11113600,62,254
18,234000,0.02861996049107336846083667860,0.03111135,3.11113500,75,829
18,235000,0.02859172953247313717282460685,0.03111134,3.11113400,85,829
18,236000,0.02849249647256364992336197454,0.03111133,3.11113300,92,597
18,237000,0.02846034207454953016491420294,0.03111132,3.11113200,111,597
18,238000,0.02856054166648366159782051174,0.03111131,3.11113100,127,182
18,239000,0.02843025328054739914542621146,0.03111130,3.11113000,138,182
18,240000,0.02812035346735373815314024132,0.03111129,3.11112900,155,104
18,241000,0.02801197899154351137977320938,0.03111128,3.11112800,173,22
18,242000,0.02787608657821096980214481662,0.03111127,3.11112700,193,124
18,243000,0.02783634137802389386430098924,0.03111126,3.11112600,209,124
18,244000,0.02783015036203438388150991974,0.03111125,3.11112500,231,124
18,245000,0.03080323661783464899735085108,0.03111124,3.11112400,254,15
18,246000,0.02814134974547755427127183628,0.03111123,3.11112300,277,979
18,247000,0.03111121208943527949183490901,0.03111122,3.11112200,303,494
18,248000,0.03030456253491534389965544141,0.03078178,3.07817800,331,435
18,249000,0.02803189255025654803883588595,0.03078177,3.07817700,346,391
18,250000,0.03014966463011298730895100732,0.03078176,3.07817600,371,714
18,251000,0.02713537003906210458156185213,0.03078175,3.07817500,395,446
18,252000,0.02554034685817013264059518036,0.03078174,3.07817400,404,117
18,253000,0.03078172809073076142494371622,0.03078173,3.07817300,413,429
18,254000,0.03029457795483922017705405498,0.03029458,3.02945800,436,429
18,255000,0.02695896071459304733862485898,0.02695898,2.69589800,451,742
18,256000,0.02695896071459304733862485898,0.02695897,2.69589700,468,742
18,257000,0.02674109070447167627696333333,0.02674110,2.67411000,489,566
18,258000,0.02482854518247087759506726633,0.02631449,2.63144900,493,952
18,259000,0.02631446865022479384750303604,0.02631448,2.63144800,496,280
18,260000,0.02631446865022479384750303604,0.02631447,2.63144700,504,280
18,261000,0.02627794612841574542659734748,0.02627795,2.62779500,508,280
18,262000,0.02615940702806868093736436084,0.02615941,2.61594100,516,280
18,263000,0.02592632370888944217189957429,0.02592633,2.59263300,522,828
18,264000,0.02565536860104858455953908529,0.02565537,2.56553700,527,388
18,265000,0.02562222986240042661812908213,0.02562223,2.56222300,510,388
18,266000,0.02533131329028297019814585780,0.02533132,2.53313200,513,567
18,267000,0.02529727004535614590665818716,0.02529728,2.52972800,514,567
18,268000,0.02504161630362710446752895889,0.02512246,2.51224600,506,263
18,269000,0.02512244860009463333953230748,0.02512245,2.51224500,495,410
18,270000,0.02447522966108820635443758002,0.02454232,2.45423200,490,194
18,271000,0.02237870810563389336525085884,0.02454231,2.45423100,483,628
18,272000,0.02237870810563389336525085884,0.02454230,2.45423000,467,628
18,273000,0.02370472106829097547107022719,0.02454229,2.45422900,452,339
18,274000,0.02367521108217492169217938082,0.02454228,2.45422800,436,339
18,275000,0.02197310541837363092841595789,0.02454227,2.45422700,415,724
18,276000,0.02396539003976707868265948212,0.02454226,2.45422600,394,665
18,277000,0.02172277620506108326950152570,0.02454225,2.45422500,377,740
18,278000,0.02454223307686721624878822008,0.02454224,2.45422400,352,343
18,279000,0.02166876945028173291550028706,0.02166877,2.16687700,334,740
18,280000,0.01796319148426010732182651894,0.01804692,1.80469200,314,106
18,281000,0.01769501762179938524165590351,0.01804691,1.80469100,290,807
18,282000,0.01742008374799798124426930983,0.01804690,1.80469000,276,959
18,283000,0.01804688559653533529060987714,0.01804689,1.80468900,250,39
18,284000,0.01707454973921488213576761792,0.01755493,1.75549300,231,174
18,285000,0.01755490358154227974004367265,0.01755492,1.75549200,213,740
18,286000,0.01755490358154227974004367265,0.01755491,1.75549100,193,740
18,287000,0.01687739850865259012902180778,0.01687740,1.68774000,173,457
18,288000,0.01335876849262916344191842093,0.01616158,1.61615800,153,654
18,289000,0.01334371721092854541419458772,0.01616157,1.61615700,139,654
18,290000,0.01449831224339283809648080936,0.01616156,1.61615600,121,654
18,291000,0.01188667293382071486393796522,0.01616155,1.61615500,109,125
18,292000,0.01221076003771746719451134279,0.01616154,1.61615400,99,565
18,293000,0.01322452513132060692585182338,0.01616153,1.61615300,88,957
18,294000,0.01399160020785964394106868683,0.01616152,1.61615200,78,125
18,295000,0.01366290706394413181620394830,0.01616151,1.61615100,68,125
18,296000,0.01616149725445279653652362897,0.01616150,1.61615000,56,26
18,297000,0.01374293618713058871819170230,0.01562665,1.56266500,45,565
18,298000,0.01562663478440239171426905284,0.01562664,1.56266400,37,873
18,299000,0.01365204662349406497145083515,0.01365516,1.36551600,27,276
18,300000,0.01364437687154865808918061122,0.01365515,1.36551500,22,276
18,301000,0.01365513490977898003601860942,0.01365514,1.36551400,16,276
18,302000,0.01339038694488615211886188655,0.01339039,1.33903900,10,14
18,303000,0.01331137953421952925750328466,0.01331138,1.33113800,8,456
18,304000,0.01330500223512593221125767048,0.01330501,1.33050100,7,456
18,305000,0.01297676764545624929068296363,0.01328661,1.32866100,5,418
18,306000,0.01301151244889446385421462860,0.01328660,1.32866000,4,526
18,307000,0.01302894044951276999432729438,0.01328659,1.32865900,2,774
18,308000,0.01328657215861483290287660222,0.01328658,1.32865800,2,774
19,241000,0.02907784311936447777011022540,0.04083475,4.08347500,1,522
19,242000,0.04011658391803642238650802400,0.04083474,4.08347400,3,470
19,243000,0.04010712530749863107001112668,0.04083473,4.08347300,6,470
19,244000,0.03989480742393171913781155420,0.04083472,4.08347200,6,470
19,245000,0.02608506518460216462507537324,0.04083471,4.08347100,7,470
19,246000,0.04083469499296594064150058283,0.04083470,4.08347000,12,833
19,247000,0.02900412170856624007781729481,0.03884479,3.88447900,14,20
19,248000,0.02899795628539365089532597002,0.03884478,3.88447800,18,20
19,249000,0.02458833571131083531209936729,0.03884477,3.88447700,27,400
19,250000,0.03884475690929078840962665820,0.03884476,3.88447600,35,713
19,251000,0.03877854582966288189567070355,0.03877855,3.87785500,43,713
19,252000,0.02868144148186490429138933546,0.03635083,3.63508300,53,976
19,253000,0.02725296117449366966976950288,0.03635082,3.63508200,66,462
19,254000,0.02727494412083480026260844734,0.03635081,3.63508100,81,155
19,255000,0.02724531726450226227384698795,0.03635080,3.63508000,90,155
19,256000,0.02682542619782445250652127554,0.03635079,3.63507900,103,741
19,257000,0.02679350072427978852600392618,0.03635078,3.63507800,116,741
19,258000,0.02641916535118221234791589866,0.03635077,3.63507700,133,851
19,259000,0.02638565030081078216458922390,0.03635076,3.63507600,160,851
19,260000,0.02635945582462801980248778576,0.03635075,3.63507500,181,354
19,261000,0.03519548248586349882832200925,0.03635074,3.63507400,209,181
19,262000,0.03511822782012528788464437827,0.03635073,3.63507300,227,181
19,263000,0.03635071582606112480927663190,0.03635072,3.63507200,252,280
19,264000,0.03630838680815514301910878703,0.03630839,3.63083900,268,280
19,265000,0.03466152907486862582436315006,0.03466154,3.46615400,302,914
19,266000,0.03466152907486862582436315006,0.03466153,3.46615300,321,914
19,267000,0.03461694725642737524645312016,0.03461696,3.46169600,341,914
19,268000,0.03461694725642737524645312016,0.03461695,3.46169500,365,914
19,269000,0.03386852818589227960912255502,0.03410597,3.41059700,393,395
19,270000,0.03386852818589227960912255502,0.03410596,3.41059600,414,395
19,271000,0.03410594332753844298721577038,0.03410595,3.41059500,432,194
19,272000,0.02500985757865267407810601842,0.02608878,2.60887800,460,77
19,273000,0.02579351548549504074996444772,0.02608877,2.60887700,490,881
19,274000,0.02491711715624930468989831004,0.02608876,2.60887600,513,77
19,275000,0.02406079670773816083004495614,0.02608875,2.60887500,543,453
19,276000,0.02435197097740040687193111824,0.02608874,2.60887400,570,970
19,277000,0.02608872888180434772132056654,0.02608873,2.60887300,585,123
19,278000,0.02167092989731941665323959060,0.02567866,2.56786600,604,417
19,279000,0.02461147306247902788584942784,0.02567865,2.56786500,617,828
19,280000,0.02567863881639631510552331204,0.02567864,2.56786400,629,527
19,281000,0.02040947075866499456516027456,0.02444467,2.44446700,643,161
19,282000,0.02040947075866499456516027456,0.02444466,2.44446600,638,161
19,283000,0.02008344037053887473508258863,0.02444465,2.44446500,643,28
19,284000,0.02304858473911674405592233965,0.02444464,2.44446400,637,720
19,285000,0.02063565078754123064456547376,0.02444463,2.44446300,634,28
19,286000,0.02230058725578462958395272569,0.02444462,2.44446200,627,721
19,287000,0.02247871994047763846729497913,0.02444461,2.44446100,626,721
19,288000,0.02326939306987591431672709342,0.02444460,2.44446000,615,887
19,289000,0.02232648159486919150536255446,0.02444459,2.44445900,611,635
19,290000,0.02309454648985528923786267594,0.02444458,2.44445800,605,969
19,291000,0.02389466586059158623908576826,0.02444457,2.44445700,585,985
19,292000,0.02414153147908540141363474967,0.02444456,2.44445600,566,756
19,293000,0.02376649432402142167604789388,0.02444455,2.44445500,545,745
19,294000,0.02361041029049816866043755276,0.02444454,2.44445400,534,621
19,295000,0.02403644115794958107921053312,0.02444453,2.44445300,510,172
19,296000,0.02444451807374614404929691932,0.02444452,2.44445200,494,518
19,297000,0.02419770271526114571205156310,0.02419771,2.41977100,474,254
19,298000,0.02310150807593238977886421224,0.02386742,2.38674200,454,738
19,299000,0.02371441853311907734259914443,0.02386741,2.38674100,438,692
19,300000,0.02357967371059319514241736388,0.02386740,2.38674000,422,590
19,301000,0.02386738477914348108125019850,0.02386739,2.38673900,398,768
19,302000,0.02355798034367580947849390398,0.02372389,2.37238900,382,743
19,303000,0.02372387009473116125117017234,0.02372388,2.37238800,366,912
19,304000,0.02250903091576564314155838323,0.02334179,2.33417900,343,665
19,305000,0.02334177287618851669712086758,0.02334178,2.33417800,321,814
19,306000,0.02006999748873741410283640537,0.02230894,2.23089400,303,572
19,307000,0.02201162235067875822897912459,0.02230893,2.23089300,282,343
19,308000,0.01726203352579803983414713340,0.02230892,2.23089200,266,255
19,309000,0.01737669902031496469978939459,0.02230891,2.23089100,245,322
19,310000,0.02208881442471982944770428884,0.02230890,2.23089000,228,917
19,311000,0.02230888844587848771471104884,0.02230889,2.23088900,213,917
19,312000,0.01739427507661225282409575013,0.01739428,1.73942800,197,564
19,313000,0.01714241060852413853178655187,0.01714242,1.71424200,187,413
19,314000,0.01692371861471050300843857036,0.01692372,1.69237200,175,413
19,315000,0.01688162664430060707299119932,0.01688163,1.68816300,161,413
19,316000,0.01662302942694939860289018460,0.01662303,1.66230300,145,413
19,317000,0.01643176086199597088630843421,0.01643177,1.64317700,135,89
19,318000,0.01622774997233194560352366016,0.01622775,1.62277500,126,89
19,319000,0.01488474546568990698611837147,0.01541756,1.54175600,109,89
19,320000,0.01445137801895567762923456531,0.01541755,1.54175500,101,89
19,321000,0.01441014572285478295752944370,0.01541754,1.54175400,95,89
19,322000,0.01408238083364104155915595867,0.01541753,1.54175300,88,182
19,323000,0.01447457361898605760629567353,0.01541752,1.54175200,82,432
19,324000,0.01454330050684525076614034704,0.01541751,1.54175100,72,245
19,325000,0.01469820374481351135575249070,0.01541750,1.54175000,64,245
19,326000,0.01446725000942969998722621914,0.01541749,1.54174900,53,799
19,327000,0.01342630484558968579776874188,0.01541748,1.54174800,49,809
19,328000,0.01383545734390899534176658124,0.01541747,1.54174700,43,550
19,329000,0.01464775606389234426681854418,0.01541746,1.54174600,37,658
19,330000,0.01449640141067319381807726464,0.01541745,1.54174500,34,82
19,331000,0.01445007967813260062888705856,0.01541744,1.54174400,29,953
19,332000,0.01411742135871759072194046422,0.01541743,1.54174300,25,953
19,333000,0.01204726837343456531758519448,0.01541742,1.54174200,17,39
19,334000,0.01442425883637666311780706904,0.01541741,1.54174100,15,92
19,335000,0.00715266598017878271608399190,0.01541740,1.54174000,14,154
19,336000,0.01187438017885718051970817670,0.01541739,1.54173900,12,442
19,337000,0.01366762417477536399509825462,0.01541738,1.54173800,8,799
19,338000,0.01541736435557507383496887639,0.01541737,1.54173700,7,799
19,339000,0.01404988874652206259644336348,0.01508469,1.50846900,7,442
19,340000,0.01330551419857148468329212280,0.01508468,1.50846800,5,550
19,341000,0.01508466494165427542869656824,0.01508467,1.50846700,4,550
19,342000,0.01453615742246061862898771352,0.01453616,1.45361600,4,768
19,343000,0.00715101761167144982665639133,0.00715102,0.71510200,1,442
20,271000,0.01386710241167915645190335502,0.02745539,2.74553900,1,697
20,272000,0.01386710241167915645190335502,0.02745538,2.74553800,2,697
20,273000,0.01380137486258661833894934951,0.02745537,2.74553700,2,697
20,274000,0.01525851881181831466532371123,0.02745536,2.74553600,6,559
20,275000,0.02423352923227314408251640398,0.02745535,2.74553500,9,52
20,276000,0.02412043497124345686752295298,0.02745534,2.74553400,13,52
20,277000,0.02436657103876513515539491532,0.02745533,2.74553300,21,544
20,278000,0.02440969496218033091002532056,0.02745532,2.74553200,31,97
20,279000,0.02382531315351577463124724346,0.02745531,2.74553100,37,439
20,280000,0.01495126428332022312744994876,0.02745530,2.74553000,49,544
20,281000,0.01501122621764855092481657792,0.02745529,2.74552900,62,560
20,282000,0.02362770389165162486464881865,0.02745528,2.74552800,83,50
20,283000,0.02367604186495154911244048246,0.02745527,2.74552700,103,346
20,284000,0.02365454959942146086345031808,0.02745526,2.74552600,123,346
20,285000,0.02357308127978495059360097278,0.02745525,2.74552500,144,346
20,286000,0.02438175798977599134037761788,0.02745524,2.74552400,165,878
20,287000,0.02517761739675300372622792354,0.02745523,2.74552300,184,878
20,288000,0.02517323274102888395962995988,0.02745522,2.74552200,211,878
20,289000,0.02506038783988486347815705640,0.02745521,2.74552100,228,878
20,290000,0.02625024981573397166128314388,0.02745520,2.74552000,248,989
20,291000,0.02260815178514636679819818868,0.02745519,2.74551900,274,638
20,292000,0.02695529853188890279283796710,0.02745518,2.74551800,297,72
20,293000,0.02745516180113848405990501768,0.02745517,2.74551700,319,260
20,294000,0.02634078890899529175347215280,0.02709163,2.70916300,332,387
20,295000,0.02709161663066716694135748056,0.02709162,2.70916200,354,180
20,296000,0.02614077011011047108412438300,0.02650341,2.65034100,378,756
20,297000,0.02581509523789496106502114927,0.02650340,2.65034000,397,957
20,298000,0.02624543195836473091577830308,0.02650339,2.65033900,413,599
20,299000,0.02645921433408004723042616206,0.02650338,2.65033800,432,612
20,300000,0.02613300135930149622116946466,0.02650337,2.65033700,443,451
20,301000,0.02622193386832933647809781892,0.02650336,2.65033600,461,341
20,302000,0.02650334714108862423362814584,0.02650335,2.65033500,474,168
20,303000,0.02629699383104573321079736180,0.02629700,2.62970000,478,321
20,304000,0.02579306855626293545904455012,0.02603839,2.60383900,493,747
20,305000,0.02589400675232319863263240169,0.02603838,2.60383800,509,574
20,306000,0.02603836663728002281035899860,0.02603837,2.60383700,517,295
20,307000,0.02562133128410680606697371112,0.02563305,2.56330500,526,360
20,308000,0.02494916252699088394366264422,0.02563304,2.56330400,528,94
20,309000,0.02498318255702001872277391212,0.02563303,2.56330300,529,708
20,310000,0.02563301587518614709028209276,0.02563302,2.56330200,536,204
20,311000,0.02465195298902292540768323780,0.02560799,2.56079900,540,456
20,312000,0.02463062701871810087110633220,0.02560798,2.56079800,532,456
20,313000,0.02560796277023708851389562090,0.02560797,2.56079700,523,564
20,314000,0.01725655582699693849975211224,0.02092357,2.09235700,519,40
20,315000,0.01725655582699693849975211224,0.02092356,2.09235600,513,40
20,316000,0.02001458882060722741204450415,0.02092355,2.09235500,501,627
20,317000,0.01701302082196100643911340295,0.02092354,2.09235400,482,978
20,318000,0.01990969525555912881150951120,0.02092353,2.09235300,471,627
20,319000,0.01680349290722574454428386494,0.02092352,2.09235200,469,77
20,320000,0.01659491666144750544240277042,0.02092351,2.09235100,458,77
20,321000,0.01655114859560191310199189006,0.02092350,2.09235000,443,77
20,322000,0.02018354601401081283880550834,0.02092349,2.09234900,427,58
20,323000,0.01901609632514335894903047494,0.02092348,2.09234800,408,918
20,324000,0.02019472480651697845127348830,0.02092347,2.09234700,390,115
20,325000,0.01952763984866014035806628342,0.02092346,2.09234600,379,997
20,326000,0.01574944976292198343412116380,0.02092345,2.09234500,361,77
20,327000,0.01464618981662425984295265392,0.02092344,2.09234400,333,1000
20,328000,0.01937854419975709589675691376,0.02092343,2.09234300,314,870
20,329000,0.01921137309527913993641353775,0.02092342,2.09234200,293,231
20,330000,0.01463517706772159469735062956,0.02092341,2.09234100,261,701
20,331000,0.01453347485272247918632577256,0.02092340,2.09234000,246,539
20,332000,0.01915544868104443971838501986,0.02092339,2.09233900,235,819
20,333000,0.01436543687269397469593474656,0.02092338,2.09233800,221,627
20,334000,0.02022919529376950207670665637,0.02092337,2.09233700,208,558
20,335000,0.01499777016400717743278723412,0.02092336,2.09233600,187,751
20,336000,0.01488272186310843043230603787,0.02092335,2.09233500,166,711
20,337000,0.01508263025717026316082380331,0.02092334,2.09233400,156,164
20,338000,0.01515161083712397745939036894,0.02092333,2.09233300,132,170
20,339000,0.01468958211553672166947166624,0.02092332,2.09233200,113,554
20,340000,0.01496789808277842473087228917,0.02092331,2.09233100,106,614
20,341000,0.01506229436841677380593850775,0.02092330,2.09233000,94,645
20,342000,0.01468752686216124006770959184,0.02092329,2.09232900,80,706
20,343000,0.02092327163262094245391408756,0.02092328,2.09232800,66,768
20,344000,0.02041284030017307079086537040,0.02041285,2.04128500,58,82
20,345000,0.01457014710676161275348649777,0.01514584,1.51458400,46,942
20,346000,0.01487961498181452544931468415,0.01514583,1.51458300,35,743
20,347000,0.01467546800956429472958190027,0.01514582,1.51458200,29,424
20,348000,0.01503893916097711135522623258,0.01514581,1.51458100,22,664
20,349000,0.01514579599215503435336516886,0.01514580,1.51458000,16,343
20,350000,0.01453720738649685097672126505,0.01477272,1.47727200,11,343
20,351000,0.01315345577004886272854959404,0.01477271,1.47727100,8,250
20,352000,0.01294891862082967877970899690,0.01477270,1.47727000,6,250
20,353000,0.01477268775511331514820447845,0.01477269,1.47726900,2,250
20,354000,0.01406822773455115821221289180,0.01406823,1.40682300,1,250
21,280000,0.02245295085515553842070656195,0.03334210,3.33421000,2,386
21,281000,0.02232099105857926343860254228,0.03334209,3.33420900,2,386
21,282000,0.01260154037381095243331185924,0.03334208,3.33420800,3,697
21,283000,0.02506947039163588021215428418,0.03334207,3.33420700,5,561
21,284000,0.02513159604771428645562977964,0.03334206,3.33420600,10,64
21,285000,0.02501842069908976030211406473,0.03334205,3.33420500,10,64
21,286000,0.02498074763165484925768206832,0.03334204,3.33420400,16,64
21,287000,0.02497426254535179380419185324,0.03334203,3.33420300,18,557
21,288000,0.02484714470319748566154497305,0.03334202,3.33420200,22,64
21,289000,0.02482238431179046334096514878,0.03334201,3.33420100,23,64
21,290000,0.02481758466494463036255720088,0.03334200,3.33420000,27,64
21,291000,0.02139183419788257642414916444,0.03334199,3.33419900,33,338
21,292000,0.02453487428328922138064889830,0.03334198,3.33419800,39,866
21,293000,0.02444053533249668419286639277,0.03334197,3.33419700,49,342
21,294000,0.02438687067700332132026092308,0.03334196,3.33419600,57,118
21,295000,0.02430109021130186851825825593,0.03334195,3.33419500,69,118
21,296000,0.02438506135947762098030776296,0.03334194,3.33419400,73,198
21,297000,0.02519627808353986599447523588,0.03334193,3.33419300,85,198
21,298000,0.03334191189058378528993499251,0.03334192,3.33419200,97,197
21,299000,0.03333648187152192287908641728,0.03333649,3.33364900,104,197
21,300000,0.03318949832722908324134800710,0.03318950,3.31895000,114,197
21,301000,0.03318411783443226235904723584,0.03318412,3.31841200,126,197
21,302000,0.03311163102456021949948584552,0.03311164,3.31116400,135,197
21,303000,0.03271916727466731670188877542,0.03271917,3.27191700,149,687
21,304000,0.03264240323761401997891579052,0.03264241,3.26424100,158,687
21,305000,0.03257172230329765567588918507,0.03257173,3.25717300,166,687
21,306000,0.03243142377018097837803613858,0.03243143,3.24314300,177,144
21,307000,0.02469003307981888857594792865,0.03190217,3.19021700,191,145
21,308000,0.03190215258374649703570823848,0.03190216,3.19021600,205,572
21,309000,0.03187042137219256530516193472,0.03187043,3.18704300,227,572
21,310000,0.03186493944966144714378796092,0.03186494,3.18649400,237,572
21,311000,0.03180596486118939306384692861,0.03180597,3.18059700,247,572
21,312000,0.03177355297791597739729842134,0.03177356,3.17735600,270,572
21,313000,0.02460936614480223272221748440,0.02460937,2.46093700,289,562
21,314000,0.02412050994550662503607962420,0.02439463,2.43946300,304,486
21,315000,0.02439461999208948895670835460,0.02439462,2.43946200,324,952
21,316000,0.02381489320507551330598742490,0.02381490,2.38149000,351,279
21,317000,0.02181206170209876878485706596,0.02194875,2.19487500,378,564
21,318000,0.02194873013759627946589462520,0.02194874,2.19487400,395,33
21,319000,0.02171274780742866804146593069,0.02171275,2.17127500,403,564
21,320000,0.02159159375247993808452923680,0.02165181,2.16518100,416,429
21,321000,0.02153969779051463146318662542,0.02165180,2.16518000,430,690
21,322000,0.02165178674027836925378469335,0.02165179,2.16517900,444,249
21,323000,0.02091753113074955947139072787,0.02164185,2.16418500,459,296
21,324000,0.02152084622414235053712178174,0.02164184,2.16418400,477,468
21,325000,0.01578443453991700795603217952,0.02164183,2.16418300,487,515
21,326000,0.02164181643763171761947542686,0.02164182,2.16418200,506,839
21,327000,0.02106694963364833466658482344,0.02157946,2.15794600,520,652
21,328000,0.02067867445343455318970155714,0.02157945,2.15794500,531,337
21,329000,0.02119842988882058277376552748,0.02157944,2.15794400,544,813
21,330000,0.02048422677358445010462511762,0.02157943,2.15794300,562,861
21,331000,0.02046166899494532844595543884,0.02157942,2.15794200,570,861
21,332000,0.02097411503807367617678417156,0.02157941,2.15794100,573,512
21,333000,0.02094984495768609790842378294,0.02157940,2.15794000,579,512
21,334000,0.02040108911833476226732311924,0.02157939,2.15793900,581,861
21,335000,0.02011047371691764481934319218,0.02157938,2.15793800,584,495
21,336000,0.02019926658523469571366119351,0.02157937,2.15793700,592,610
21,337000,0.02042874449988531511462230390,0.02157936,2.15793600,587,200
21,338000,0.02038790522369723897262065491,0.02157935,2.15793500,590,200
21,339000,0.01995058893872954277222549576,0.02157934,2.15793400,583,881
21,340000,0.02136541554618553098643143458,0.02157933,2.15793300,568,16
21,341000,0.02119252173754699641708665926,0.02157932,2.15793200,565,16
21,342000,0.02035382572452245368495579294,0.02157931,2.15793100,561,783
21,343000,0.02018471384457378556009895891,0.02157930,2.15793000,553,783
21,344000,0.02028058043791257717439367826,0.02157929,2.15792900,538,169
21,345000,0.02071925475577333557852166960,0.02157928,2.15792800,523,435
21,346000,0.02058526131975700203505835478,0.02157927,2.15792700,504,435
21,347000,0.01933026303250447885198343912,0.02157926,2.15792600,475,511
21,348000,0.01509174027772152853711345738,0.02157925,2.15792500,456,500
21,349000,0.02084881642671813759209172788,0.02157924,2.15792400,439,43
21,350000,0.01488975444205903894654830617,0.02157923,2.15792300,411,257
21,351000,0.02117339042857235489216631486,0.02157922,2.15792200,395,708
21,352000,0.02145217633856961138352962756,0.02157921,2.15792100,373,809
21,353000,0.02157919914750596230147083396,0.02157920,2.15792000,350,611
21,354000,0.01498360514812987850214774595,0.02132994,2.13299400,332,611
21,355000,0.02132992274355088405763664675,0.02132993,2.13299300,308,250
21,356000,0.01485487226258639174834393554,0.01485488,1.48548800,280,709
21,357000,0.01476987362259929884892654873,0.01476988,1.47698800,260,978
21,358000,0.01461119555989668056663730413,0.01461120,1.46112000,242,740
21,359000,0.01431368381136587866031288603,0.01439128,1.43912800,218,18
21,360000,0.01439126281982399896498601076,0.01439127,1.43912700,197,77
21,361000,0.01385687344403898784651231022,0.01385688,1.38568800,180,77
21,362000,0.01300621296360326461241622696,0.01374968,1.37496800,164,962
21,363000,0.01288689991647382887801631588,0.01374967,1.37496700,151,854
21,364000,0.01244044971291784684356727736,0.01374966,1.37496600,142,854
21,365000,0.01308298710167438377836442034,0.01374965,1.37496500,131,829
21,366000,0.01256773364621072245260879696,0.01374964,1.37496400,119,773
21,367000,0.01374962058668112150285617368,0.01374963,1.37496300,108,773
21,368000,0.01334855249562447858465632709,0.01354841,1.35484100,100,773
21,369000,0.01279061167999431774731798062,0.01354840,1.35484000,83,241
21,370000,0.01304523695955835476279583496,0.01354839,1.35483900,75,308
21,371000,0.01354837933034753317171104706,0.01354838,1.35483800,70,645
21,372000,0.01294781077852985534958205180,0.01350599,1.35059900,58,645
21,373000,0.01300243698950547211349360602,0.01350598,1.35059800,51,869
21,374000,0.01264989717233186692468690080,0.01350597,1.35059700,44,645
21,375000,0.01276613383093156733072381976,0.01350596,1.35059600,39,452
21,376000,0.01322768858710584291223919860,0.01350595,1.35059500,34,206
21,377000,0.01323260998961948421021938661,0.01350594,1.35059400,32,874
21,378000,0.01272479589937491126801448865,0.01350593,1.35059300,30,154
21,379000,0.01312577607006784313128322999,0.01350592,1.35059200,25,927
21,380000,0.01305984347977552382363141984,0.01350591,1.35059100,22,786
21,381000,0.01326338383867426744433710787,0.01350590,1.35059000,19,611
21,382000,0.01326288394856016147926170294,0.01350589,1.35058900,15,973
21,383000,0.01350587626121452970237077264,0.01350588,1.35058800,12,836
21,384000,0.01311357136105687687795638400,0.01311358,1.31135800,8,836
21,385000,0.01270083297915613709581421546,0.01270084,1.27008400,8,973
21,386000,0.01229472531490776323622096645,0.01229474,1.22947400,6,836
21,387000,0.01229472531490776323622096645,0.01229473,1.22947300,6,836
21,388000,0.01206067894383818343441653338,0.01206069,1.20606900,5,836
21,389000,0.01206067894383818343441653338,0.01206068,1.20606800,5,836
21,390000,0.00931058435903460012022670264,0.01083476,1.08347600,4,836
21,391000,0.01083474277021862692681248852,0.01083475,1.08347500,3,836
21,392000,0.00695741329209206185623070955,0.00695742,0.69574200,2,228
22,311000,0.01137337253661734531441640652,0.03287414,3.28741400,1,697
22,312000,0.02188964903774294999704498340,0.03287413,3.28741300,2,193
22,313000,0.02188565538969073579860215376,0.03287412,3.28741200,2,193
22,314000,0.03287410519637347259461000366,0.03287411,3.28741100,3,648
22,315000,0.02164129247660448489969666433,0.03165365,3.16536500,3,193
22,316000,0.01113159031833083842148724716,0.03165364,3.16536400,4,968
22,317000,0.01259673180461884163131309681,0.03165363,3.16536300,6,193
22,318000,0.01358137359210687169831779040,0.03165362,3.16536200,9,648
22,319000,0.02199461042285228722320604376,0.03165361,3.16536100,20,264
22,320000,0.02190569871279142351602429730,0.03165360,3.16536000,26,485
22,321000,0.02190569871279142351602429730,0.03165359,3.16535900,33,485
22,322000,0.02186549090900847003782467934,0.03165358,3.16535800,42,485
22,323000,0.02126132444337430116467735029,0.03165357,3.16535700,52,771
22,324000,0.02127895207898551322471267268,0.03165356,3.16535600,62,243
22,325000,0.03165354825496208111604142128,0.03165355,3.16535500,71,676
22,326000,0.03159790967751737144189903013,0.03159791,3.15979100,81,676
22,327000,0.02147452711297549786521509351,0.03053170,3.05317000,99,123
22,328000,0.02133552762992960322234939720,0.03053169,3.05316900,113,427
22,329000,0.02126742149050913626920941600,0.03053168,3.05316800,127,427
22,330000,0.02126742149050913626920941600,0.03053167,3.05316700,144,427
22,331000,0.03053165279350838568751825948,0.03053166,3.05316600,156,216
22,332000,0.03050004786661171725890788125,0.03050005,3.05000500,168,216
22,333000,0.03046504697297243424197363909,0.03046505,3.04650500,184,216
22,334000,0.02072524786811430107531942511,0.02969685,2.96968500,197,638
22,335000,0.01961246784770651626954535822,0.02969684,2.96968400,214,340
22,336000,0.01964954828946054254852160023,0.02969683,2.96968300,229,138
22,337000,0.02056620926083472069143476998,0.02969682,2.96968200,247,448
22,338000,0.02052223406944257367536877384,0.02969681,2.96968100,267,448
22,339000,0.02009772336439519003001085326,0.02969680,2.96968000,291,422
22,340000,0.02969678341214807134232523738,0.02969679,2.96967900,313,917
22,341000,0.02967244745565565667296494498,0.02967245,2.96724500,325,917
22,342000,0.02964110102584730268180800754,0.02964111,2.96411100,331,917
22,343000,0.02960865422602420540389412640,0.02960866,2.96086600,347,917
22,344000,0.02066215414593523518036643166,0.02860643,2.86064300,356,315
22,345000,0.02063091476067539533469842881,0.02860642,2.86064200,374,315
22,346000,0.02860640510716382902988055728,0.02860641,2.86064100,393,442
22,347000,0.02852585087700623455521887016,0.02852908,2.85290800,418,442
22,348000,0.02166191299011979748562051802,0.02852907,2.85290700,429,153
22,349000,0.02852905141485423050909420303,0.02852906,2.85290600,433,768
22,350000,0.02131995133400923816008728787,0.02139900,2.13990000,451,768
22,351000,0.02132574030533572177738025588,0.02139899,2.13989900,452,699
22,352000,0.02123350398326774277878944628,0.02139898,2.13989800,458,257
22,353000,0.02079163572256015765231250989,0.02139897,2.13989700,465,360
22,354000,0.02127765708269614898798396584,0.02139896,2.13989600,475,724
22,355000,0.02139894560799410532180893419,0.02139895,2.13989500,472,252
22,356000,0.02071466465790186710850266292,0.02123902,2.12390200,480,903
22,357000,0.02123900678546698636111425260,0.02123901,2.12390100,465,247
22,358000,0.01961238350735821023485203126,0.02101536,2.10153600,460,484
22,359000,0.01987251266893227620081657270,0.02101535,2.10153500,463,720
22,360000,0.02101533547590685983237819742,0.02101534,2.10153400,458,89
22,361000,0.01961407018111853469861425032,0.02049378,2.04937800,446,670
22,362000,0.01945724126412545043057889084,0.02049377,2.04937700,437,670
22,363000,0.01726308811437638162353604246,0.02049376,2.04937600,428,489
22,364000,0.01976057428389671550671443181,0.02049375,2.04937500,415,457
22,365000,0.01967070742610193823632332628,0.02049374,2.04937400,401,985
22,366000,0.01712034930497280271179473470,0.02049373,2.04937300,396,745
22,367000,0.02049371319744193365969919430,0.02049372,2.04937200,386,711
22,368000,0.01693255318169852626104446970,0.02038167,2.03816700,370,301
22,369000,0.01964817540188587593745107761,0.02038166,2.03816600,359,432
22,370000,0.02038164620380666014041479037,0.02038165,2.03816500,338,773
22,371000,0.01671821770290546499066674468,0.02031660,2.03166000,317,754
22,372000,0.02031658568853062760351754368,0.02031659,2.03165900,312,914
22,373000,0.02024287139568129741959865278,0.02024288,2.02428800,295,107
22,374000,0.01967239295030189154874949459,0.01989417,1.98941700,284,513
22,375000,0.01650355350348796814978297771,0.01989416,1.98941600,251,589
22,376000,0.01679192197738399540554644600,0.01989415,1.98941500,245,256
22,377000,0.01938963365156474750969363752,0.01989414,1.98941400,230,906
22,378000,0.01943745705781600481189283761,0.01989413,1.98941300,215,734
22,379000,0.01642125824646756951675692080,0.01989412,1.98941200,204,208
22,380000,0.01652054284381382139072539968,0.01989411,1.98941100,194,208
22,381000,0.01628809470460095128182353684,0.01989410,1.98941000,178,119
22,382000,0.01887792170691652990042553728,0.01989409,1.98940900,167,958
22,383000,0.01973089487575134032140088520,0.01989408,1.98940800,159,611
22,384000,0.01989406011169058034280104933,0.01989407,1.98940700,144,73
22,385000,0.01654125699744420433069212112,0.01710505,1.71050500,126,206
22,386000,0.01710503117293845816954524522,0.01710504,1.71050400,115,298
22,387000,0.01325035158867533404152230188,0.01654929,1.65492900,106,580
22,388000,0.01299784070561433802448687477,0.01654928,1.65492800,93,515
22,389000,0.01373948055347024278356638606,0.01654927,1.65492700,83,630
22,390000,0.01422352408473960029758769000,0.01654926,1.65492600,74,630
22,391000,0.01228163713308859419152908956,0.01654925,1.65492500,67,133
22,392000,0.01208758793651108509962216042,0.01654924,1.65492400,62,279
22,393000,0.01654922626701616884916552142,0.01654923,1.65492300,60,836
22,394000,0.01172135856999549507466641376,0.01400791,1.40079100,56,428
22,395000,0.01140995944022990926812752220,0.01400790,1.40079000,46,279
22,396000,0.01135716388460325360968927046,0.01400789,1.40078900,42,133
22,397000,0.01127047606551476022746232522,0.01400788,1.40078800,39,515
22,398000,0.01042723147634932813139403632,0.01400787,1.40078700,35,383
22,399000,0.01063339467218029795201167985,0.01400786,1.40078600,31,219
22,400000,0.01096597449021503350747718382,0.01400785,1.40078500,29,308
22,401000,0.01137186579215263607471854042,0.01400784,1.40078400,26,630
22,402000,0.01118326755334654937006978296,0.01400783,1.40078300,26,630
22,403000,0.01142652081365413142528422567,0.01400782,1.40078200,25,811
22,404000,0.01150059433707859680708743196,0.01400781,1.40078100,21,494
22,405000,0.01146635057211825938589981124,0.01400780,1.40078000,18,494
22,406000,0.01120085668290027621096050532,0.01400779,1.40077900,13,144
22,407000,0.01190450388666117152547752959,0.01400778,1.40077800,12,261
22,408000,0.01244788706311673270693233736,0.01400777,1.40077700,10,494
22,409000,0.01082205838173763772988145032,0.01400776,1.40077600,8,144
22,410000,0.01188283119106344269474728467,0.01400775,1.40077500,6,144
22,411000,0.007337745785795122110723897605,0.01400774,1.40077400,4,515
22,412000,0.007423613070960778993024123475,0.01400773,1.40077300,4,515
22,413000,0.00968954408584559388299885224,0.01400772,1.40077200,4,99
22,414000,0.009813337610538233698939872555,0.01400771,1.40077100,3,144
22,415000,0.01098664131496695118213170204,0.01400770,1.40077000,3,515
22,416000,0.01106984897694848519795028438,0.01400769,1.40076900,3,515
22,417000,0.01077925198296378680699848662,0.01400768,1.40076800,3,515
22,418000,0.01051601714231170534770568382,0.01400767,1.40076700,3,515
22,419000,0.01220186175091442386099496224,0.01400766,1.40076600,3,261
22,420000,0.01400764710008887325793592548,0.01400765,1.40076500,2,261
22,421000,0.00726817523575706890456395104,0.01255116,1.25511600,2,261
22,422000,0.007703581065115984324376194725,0.01255115,1.25511500,2,261
22,423000,0.00895685226317967404778310020,0.01255114,1.25511400,2,515
22,424000,0.007997818884254250694215209695,0.01255113,1.25511300,2,515
22,425000,0.00836573392032310547800121929,0.01255112,1.25511200,2,515
22,426000,0.009450132258585242638908224575,0.01255111,1.25511100,2,515
22,427000,0.009844962582800640356763286685,0.01255110,1.25511000,2,515
22,428000,0.009669879131507012819628383175,0.01255109,1.25510900,2,515
22,429000,0.00573242529813125109451604355,0.01255108,1.25510800,2,515
22,430000,0.005709956195281002809088040955,0.01255107,1.25510700,1,261
22,431000,0.005594486556362357266745364285,0.01255106,1.25510600,1,261
22,432000,0.007164071433292355730391158185,0.01255105,1.25510500,1,261
22,433000,0.00737375567423644429812674794,0.01255104,1.25510400,1,261
22,434000,0.00737375567423644429812674794,0.01255103,1.25510300,1,261
22,435000,0.007708226823086255057005721775,0.01255102,1.25510200,1,261
22,436000,0.00670353673334121426520174741,0.01255101,1.25510100,1,261
22,437000,0.005315530790851305286892328075,0.01255100,1.25510000,1,261
22,438000,0.005315530790851305286892328075,0.01255099,1.25509900,1,261
22,439000,0.00538060265419367412475433449,0.01255098,1.25509800,1,261
22,440000,0.00538060265419367412475433449,0.01255097,1.25509700,1,261
22,441000,0.00538060265419367412475433449,0.01255096,1.25509600,1,261
22,442000,0.009078692805728622180719069085,0.01255095,1.25509500,1,261
22,443000,0.00989910730884216875569028645,0.01255094,1.25509400,1,261
22,444000,0.00989910730884216875569028645,0.01255093,1.25509300,1,261
22,445000,0.009441918445405438660487561885,0.01255092,1.25509200,1,261
22,446000,0.009173650664085197992858759055,0.01255091,1.25509100,1,261
22,447000,0.005325326757532340906498385185,0.01255090,1.25509000,1,261
22,448000,0.00538344234961412191970129972,0.01255089,1.25508900,1,261
22,449000,0.00531506052105709124430677416,0.01255088,1.25508800,1,261
22,450000,0.005874781554043429830969377695,0.01255087,1.25508700,1,261
22,451000,0.005982210668932538948265285015,0.01255086,1.25508600,1,261
22,452000,0.00616602905823127329898766230,0.01255085,1.25508500,1,261
22,453000,0.00613424816186962205747740139,0.01255084,1.25508400,1,261
22,454000,0.01008991152425596054421153482,0.01255083,1.25508300,1,261
22,455000,0.00888052158302762708505383437,0.01255082,1.25508200,1,261
22,456000,0.007661169945578235871808363795,0.01255081,1.25508100,1,261
22,457000,0.007725684443749361416467234695,0.01255080,1.25508000,1,261
22,458000,0.00779561232527544225931713471,0.01255079,1.25507900,1,261
22,459000,0.007747209222620416084821815865,0.01255078,1.25507800,1,261
22,460000,0.007964554296618447468070725465,0.01255077,1.25507700,1,261
22,461000,0.007964554296618447468070725465,0.01255076,1.25507600,1,261
22,462000,0.00538754330720154185659398283,0.01255075,1.25507500,1,261
22,463000,0.005302502054722517869064715115,0.01255074,1.25507400,1,261
22,464000,0.005337630769128059410850970255,0.01255073,1.25507300,1,261
22,465000,0.00539908915815267103882180326,0.01255072,1.25507200,1,261
22,466000,0.005621403127562249831423762255,0.01255071,1.25507100,1,261
22,467000,0.006980983255523423159972804405,0.01255070,1.25507000,1,261
22,468000,0.00691733444489509718519623523,0.01255069,1.25506900,1,261
22,469000,0.01101397141731166828235819156,0.01255068,1.25506800,1,261
22,470000,0.01101069881131125421270391104,0.01255067,1.25506700,1,261
22,471000,0.01255065832519840434220439449,0.01255066,1.25506600,1,261
22,472000,0.01023714982251563451036106071,0.01062872,1.06287200,1,261
22,473000,0.00557001129471459471318403945,0.01062871,1.06287100,1,261
22,474000,0.005568060889294958417955827215,0.01062870,1.06287000,1,261
22,475000,0.00639713815600783521645460935,0.01062869,1.06286900,1,261
22,476000,0.006395813270702039135813593375,0.01062868,1.06286800,1,261
22,477000,0.00569305274290135784061814525,0.01062867,1.06286700,1,261
22,478000,0.00607578946063572053408368986,0.01062866,1.06286600,1,261
22,479000,0.00614273974297841682542174604,0.01062865,1.06286500,1,261
22,480000,0.00788373255763578469573003271,0.01062864,1.06286400,1,261
22,481000,0.00818127210048104808424126903,0.01062863,1.06286300,1,261
22,482000,0.007163229344853429917323666335,0.01062862,1.06286200,1,261
22,483000,0.007206360866331962977988492725,0.01062861,1.06286100,1,261
22,484000,0.007786830760006636792947861015,0.01062860,1.06286000,1,261
22,485000,0.007786830760006636792947861015,0.01062859,1.06285900,1,261
22,486000,0.007954860497360571146578854105,0.01062858,1.06285800,1,261
22,487000,0.007847817404143090683084623965,0.01062857,1.06285700,1,261
22,488000,0.005524222642656749289419212055,0.01062856,1.06285600,1,261
22,489000,0.00608349933669955426220242916,0.01062855,1.06285500,1,261
22,490000,0.008048069309538783313984548025,0.01062854,1.06285400,1,261
22,491000,0.008150303953876749541383795405,0.01062853,1.06285300,1,261
22,492000,0.007991222680787197919737079425,0.01062852,1.06285200,1,261
22,493000,0.00815394331070779834128742596,0.01062851,1.06285100,1,261
22,494000,0.007955835503326562106473856945,0.01062850,1.06285000,1,261
22,495000,0.007946924345408685762527164645,0.01062849,1.06284900,1,261
22,496000,0.008232868106003999068084849835,0.01062848,1.06284800,1,261
22,497000,0.008232868106003999068084849835,0.01062847,1.06284700,1,261
22,498000,0.008494769161913614415918658685,0.01062846,1.06284600,1,261
22,499000,0.00837592630778571585852647269,0.01062845,1.06284500,1,261
22,500000,0.008304173685247973610047777825,0.01062844,1.06284400,1,261
22,501000,0.00906550411336088141849180353,0.01062843,1.06284300,1,261
22,502000,0.008850416292080441420127440005,0.01062842,1.06284200,1,261
22,503000,0.008691592461567746123784315875,0.01062841,1.06284100,1,261
22,504000,0.00865739294741846832690192694,0.01062840,1.06284000,1,261
22,505000,0.00508227562548519746610517677,0.01062839,1.06283900,1,261
22,506000,0.00514939069008630499920889230,0.01062838,1.06283800,1,261
22,507000,0.00673945666760608273189136535,0.01062837,1.06283700,1,261
22,508000,0.006888662776623715578095883445,0.01062836,1.06283600,1,261
22,509000,0.007030129878162924591339442805,0.01062835,1.06283500,1,261
22,510000,0.00755065699233898938557148601,0.01062834,1.06283400,1,261
22,511000,0.00941836810466607626490698205,0.01062833,1.06283300,1,261
22,512000,0.005720887426801280834757169255,0.01062832,1.06283200,1,261
22,513000,0.005595173411209828337438412705,0.01062831,1.06283100,1,261
22,514000,0.006729042924082920917548160205,0.01062830,1.06283000,1,261
22,515000,0.006232019332660271884073858345,0.01062829,1.06282900,1,261
22,516000,0.006237181000484534717090259025,0.01062828,1.06282800,1,261
22,517000,0.00640821912645470667397038259,0.01062827,1.06282700,1,261
22,518000,0.00537784173174581110403734903,0.01062826,1.06282600,1,261
22,519000,0.005317653181586806706537308635,0.01062825,1.06282500,1,261
22,520000,0.00535092383233370041158630377,0.01062824,1.06282400,1,261
22,521000,0.00535092383233370041158630377,0.01062823,1.06282300,1,261
22,522000,0.005112513601501436050793518305,0.01062822,1.06282200,1,261
22,523000,0.006501282700248050383720739955,0.01062821,1.06282100,1,261
22,524000,0.00633455719670410818992604673,0.01062820,1.06282000,1,261
22,525000,0.00633455719670410818992604673,0.01062819,1.06281900,1,261
22,526000,0.00633455719670410818992604673,0.01062818,1.06281800,1,261
22,527000,0.006579352889667034756998144775,0.01062817,1.06281700,1,261
22,528000,0.00661538966063612314586705795,0.01062816,1.06281600,1,261
22,529000,0.00764200341974733745763184768,0.01062815,1.06281500,1,261
22,530000,0.008343371435352790137365452315,0.01062814,1.06281400,1,261
22,531000,0.008176216881275084348926980025,0.01062813,1.06281300,1,261
22,532000,0.00867969095756902595986232927,0.01062812,1.06281200,1,261
22,533000,0.00850040364047791224738864368,0.01062811,1.06281100,1,261
22,534000,0.01062809719081285147649306549,0.01062810,1.06281000,1,261
22,535000,0.006177897687836113968727447565,0.00879346,0.87934600,1,261
22,536000,0.00724214732778561824973634265,0.00879345,0.87934500,1,261
22,537000,0.00583543912070933126195524328,0.00879344,0.87934400,1,261
22,538000,0.006822351995854643168924583165,0.00879343,0.87934300,1,261
22,539000,0.00706749841325658058010627928,0.00879342,0.87934200,1,261
22,540000,0.005350901053814510852035288195,0.00879341,0.87934100,1,261
22,541000,0.005239602201583617933636134735,0.00879340,0.87934000,1,261
22,542000,0.005301774650957219607697131105,0.00879339,0.87933900,1,261
22,543000,0.00560033129168265104524373374,0.00879338,0.87933800,1,261
22,544000,0.00602348129996177946267509757,0.00879337,0.87933700,1,261
22,545000,0.00514149014092790447575436065,0.00879336,0.87933600,1,261
22,546000,0.005505338522064658893907359815,0.00879335,0.87933500,1,261
22,547000,0.005391088447708789455847403885,0.00879334,0.87933400,1,261
22,548000,0.005391088447708789455847403885,0.00879333,0.87933300,1,261
22,549000,0.007249005262898452518594056885,0.00879332,0.87933200,1,261
22,550000,0.008030119266411391823818351115,0.00879331,0.87933100,1,261
22,551000,0.00841179523978192244987361315,0.00879330,0.87933000,1,261
22,552000,0.007291160218423598768568866445,0.00879329,0.87932900,1,261
22,553000,0.00728397716809731253828553348,0.00879328,0.87932800,1,261
22,554000,0.00797367327429599082658358208,0.00879327,0.87932700,1,261
22,555000,0.00794403524805771022962221909,0.00879326,0.87932600,1,261
22,556000,0.005376680076810445804806240715,0.00879325,0.87932500,1,261
22,557000,0.005427021903798687441987855095,0.00879324,0.87932400,1,261
22,558000,0.00566053730814621370547329329,0.00879323,0.87932300,1,261
22,559000,0.005710823097335106981662287425,0.00879322,0.87932200,1,261
22,560000,0.00512490415816159941415920899,0.00879321,0.87932100,1,261
22,561000,0.00733715942285339246801540787,0.00879320,0.87932000,1,261
22,562000,0.00728897518464686851182793076,0.00879319,0.87931900,1,261
22,563000,0.00664575476057017737025915521,0.00879318,0.87931800,1,261
22,564000,0.006473441488271659252758972245,0.00879317,0.87931700,1,261
22,565000,0.00720370402725804856927315945,0.00879316,0.87931600,1,261
22,566000,0.00717278040879791091066932902,0.00879315,0.87931500,1,261
22,567000,0.00584801607071375922081239154,0.00879314,0.87931400,1,261
22,568000,0.006261003257321926476220325595,0.00879313,0.87931300,1,261
22,569000,0.006749277268491922028037685515,0.00879312,0.87931200,1,261
22,570000,0.007347708633736051174140139295,0.00879311,0.87931100,1,261
22,571000,0.00739855322107113050148278959,0.00879310,0.87931000,1,261
22,572000,0.00732666905547561725647988241,0.00879309,0.87930900,1,261
22,573000,0.005220931285531982969204654695,0.00879308,0.87930800,1,261
22,574000,0.005131570457003170252919926835,0.00879307,0.87930700,1,261
22,575000,0.00507487488765644237241200993,0.00879306,0.87930600,1,261
22,576000,0.004903757692987366106570050667,0.00879305,0.87930500,1,261
22,577000,0.005343162172375290152629603455,0.00879304,0.87930400,1,261
22,578000,0.005343162172375290152629603455,0.00879303,0.87930300,1,261
22,579000,0.005026262284784601484310837615,0.00879302,0.87930200,1,261
22,580000,0.00502937789023683943162462798,0.00879301,0.87930100,1,261
22,581000,0.005289690838340343592067393775,0.00879300,0.87930000,1,261
22,582000,0.005289690838340343592067393775,0.00879299,0.87929900,1,261
22,583000,0.00686516485834560471347152230,0.00879298,0.87929800,1,261
22,584000,0.00705616951815559274882396765,0.00879297,0.87929700,1,261
22,585000,0.00697498493866892566324341246,0.00879296,0.87929600,1,261
22,586000,0.006626918942643344807123089945,0.00879295,0.87929500,1,261
22,587000,0.00698047659489591271248505699,0.00879294,0.87929400,1,261
22,588000,0.00698047659489591271248505699,0.00879293,0.87929300,1,261
22,589000,0.005179844507046379997591727565,0.00879292,0.87929200,1,261
22,590000,0.00525702577962953231125766806,0.00879291,0.87929100,1,261
22,591000,0.00547659126593284042272014975,0.00879290,0.87929000,1,261
22,592000,0.006584363299190106653942210015,0.00879289,0.87928900,1,261
22,593000,0.006837517192275436877857127885,0.00879288,0.87928800,1,261
22,594000,0.007042143037439441925807433665,0.00879287,0.87928700,1,261
22,595000,0.005351875947546516699082014165,0.00879286,0.87928600,1,261
22,596000,0.005351875947546516699082014165,0.00879285,0.87928500,1,261
22,597000,0.00539287747258730536348422422,0.00879284,0.87928400,1,261
22,598000,0.00559334250164478965510765786,0.00879283,0.87928300,1,261
22,599000,0.006901787535844838077610859705,0.00879282,0.87928200,1,261
22,600000,0.006798303976981256613305388195,0.00879281,0.87928100,1,261
22,601000,0.006763201992957161055889976655,0.00879280,0.87928000,1,261
22,602000,0.006861441275820528226513601475,0.00879279,0.87927900,1,261
22,603000,0.007051515471305987441916803535,0.00879278,0.87927800,1,261
22,604000,0.00668936138141337520496852750,0.00879277,0.87927700,1,261
22,605000,0.004790723436078335524328390556,0.00879276,0.87927600,1,261
22,606000,0.004988933115707726118701615506,0.00879275,0.87927500,1,261
22,607000,0.004645600439421285260885893204,0.00879274,0.87927400,1,261
22,608000,0.004645600439421285260885893204,0.00879273,0.87927300,1,261
22,609000,0.004813023701849812147774460292,0.00879272,0.87927200,1,261
22,610000,0.004972963927242917155548891713,0.00879271,0.87927100,1,261
22,611000,0.004972963927242917155548891713,0.00879270,0.87927000,1,261
22,612000,0.005212241377254425975607769965,0.00879269,0.87926900,1,261
22,613000,0.00563906615595886178804749272,0.00879268,0.87926800,1,261
22,614000,0.007104722444811660892496437085,0.00879267,0.87926700,1,261
22,615000,0.00704904814432178415149290576,0.00879266,0.87926600,1,261
22,616000,0.006146745784034209428058836035,0.00879265,0.87926500,1,261
22,617000,0.00578878951982237762630695980,0.00879264,0.87926400,1,261
22,618000,0.005890975265325882115010696305,0.00879263,0.87926300,1,261
22,619000,0.00655274805443593991462558312,0.00879262,0.87926200,1,261
22,620000,0.004897559872890904001370837487,0.00879261,0.87926100,1,261
22,621000,0.00502866717737673532132120601,0.00879260,0.87926000,1,261
22,622000,0.00502866717737673532132120601,0.00879259,0.87925900,1,261
22,623000,0.005258892562467392750207231575,0.00879258,0.87925800,1,261
22,624000,0.004613457803417752435550407941,0.00879257,0.87925700,1,261
22,625000,0.004484187786649559214228755126,0.00879256,0.87925600,1,261
22,626000,0.004686951464852953110020904022,0.00879255,0.87925500,1,261
22,627000,0.004686951464852953110020904022,0.00879254,0.87925400,1,261
22,628000,0.004889514560225625168022489432,0.00879253,0.87925300,1,261
22,629000,0.00524039697223688505508753584,0.00879252,0.87925200,1,261
22,630000,0.00516250018994334638070658420,0.00879251,0.87925100,1,261
22,631000,0.00515805134221166116989932851,0.00879250,0.87925000,1,261
22,632000,0.00515294525912757966176332197,0.00879249,0.87924900,1,261
22,633000,0.00515294525912757966176332197,0.00879248,0.87924800,1,261
22,634000,0.00536024410320173109990800184,0.00879247,0.87924700,1,261
22,635000,0.00536024410320173109990800184,0.00879246,0.87924600,1,261
22,636000,0.00563335812105462727698349288,0.00879245,0.87924500,1,261
22,637000,0.00563335812105462727698349288,0.00879244,0.87924400,1,261
22,638000,0.006335387456272351819135945825,0.00879243,0.87924300,1,261
22,639000,0.006643947564134125219438112275,0.00879242,0.87924200,1,261
22,640000,0.006523276593804301783706026055,0.00879241,0.87924100,1,261
22,641000,0.00642100502824314924855857208,0.00879240,0.87924000,1,261
22,642000,0.006419158649976871806155842675,0.00879239,0.87923900,1,261
22,643000,0.00840079569326716538250611343,0.00879238,0.87923800,1,261
22,644000,0.00879236861950625989123641796,0.00879237,0.87923700,1,261
22,645000,0.00876134279287947314989825784,0.00876135,0.87613500,1,261
22,646000,0.00667393305746064628725904131,0.00808698,0.80869800,1,261
22,647000,0.008086963558937050924840977555,0.00808697,0.80869700,1,261
22,648000,0.007772455248653609395192223055,0.00777246,0.77724600,1,261
22,649000,0.007756806712208685735014566105,0.00775681,0.77568100,1,261
22,650000,0.00768421361333656975011484957,0.00768422,0.76842200,1,261
22,651000,0.00509521927528299422947538581,0.00767161,0.76716100,1,261
22,652000,0.005467341111382173922910585745,0.00767160,0.76716000,1,261
22,653000,0.00701592338617753825079225763,0.00767159,0.76715900,1,261
22,654000,0.00701592338617753825079225763,0.00767158,0.76715800,1,261
22,655000,0.00758415954569830943690610811,0.00767157,0.76715700,1,261
22,656000,0.00767155563925396175902905220,0.00767156,0.76715600,1,261
22,657000,0.00725737351743764630486789606,0.00725738,0.72573800,1,261
22,658000,0.00724728625156040283400383981,0.00724729,0.72472900,1,261
22,659000,0.00723034022838825151905776703,0.00723035,0.72303500,1,261
22,660000,0.006769735258805155214790894385,0.00676974,0.67697400,1,261
22,661000,0.00672542339169875520002341041,0.00672543,0.67254300,1,261
22,662000,0.00672247068890920905024185476,0.00672248,0.67224800,1,261
22,663000,0.00504624231708152618842994807,0.00524560,0.52456000,1,261
22,664000,0.00524558332813494138152630632,0.00524559,0.52455900,1,261
22,665000,0.004933768091541464764595026320,0.00493377,0.49337700,1,261
22,666000,0.004858371618929282677305409900,0.00485840,0.48584000,1,261
22,667000,0.004858371618929282677305409900,0.00485839,0.48583900,1,261
22,668000,0.004858371618929282677305409900,0.00485838,0.48583800,1,261
23,335000,0.01127120991067162590099125586,0.02757854,2.75785400,2,993
23,336000,0.01125859590900629148326748400,0.02757853,2.75785300,2,993
23,337000,0.01860042555270519906332194645,0.02757852,2.75785200,2,817
23,338000,0.01858565814534479162878722591,0.02757851,2.75785100,4,817
23,339000,0.01967922168505771552327936788,0.02757850,2.75785000,6,414
23,340000,0.02013004492721410113311698040,0.02757849,2.75784900,8,817
23,341000,0.02022839388563469004054755774,0.02757848,2.75784800,12,71
23,342000,0.01923654748466604029312823794,0.02757847,2.75784700,23,715
23,343000,0.01966573119150650167940102275,0.02757846,2.75784600,31,236
23,344000,0.02106770919073136664105000279,0.02757845,2.75784500,45,594
23,345000,0.02065900211639994259940094461,0.02757844,2.75784400,54,996
23,346000,0.02043850197714255172171639381,0.02757843,2.75784300,65,406
23,347000,0.02090171241555788582719106143,0.02757842,2.75784200,75,78
23,348000,0.02757840487885983877184449688,0.02757841,2.75784100,89,599
23,349000,0.02753020584093731775959202668,0.02753021,2.75302100,106,599
23,350000,0.02735692347760995761771278380,0.02735693,2.73569300,120,696
23,351000,0.02733257965799438874265500848,0.02733258,2.73325800,136,696
23,352000,0.02091654651542358589700186790,0.02194482,2.19448200,152,66
23,353000,0.01977945859538995425722042738,0.02194481,2.19448100,168,523
23,354000,0.02098160251208417974220712097,0.02194480,2.19448000,176,304
23,355000,0.01991455472306347910273350925,0.02194479,2.19447900,200,977
23,356000,0.01984488839360755854293176608,0.02194478,2.19447800,213,820
23,357000,0.02072649571983729227720144276,0.02194477,2.19447700,238,839
23,358000,0.02070812371543714176529299977,0.02194476,2.19447600,258,839
23,359000,0.02101692497653199508789661276,0.02194475,2.19447500,274,838
23,360000,0.02067636212116737329516323831,0.02194474,2.19447400,292,425
23,361000,0.02049235553279411824233674753,0.02194473,2.19447300,315,729
23,362000,0.02072383783705065792321239169,0.02194472,2.19447200,319,646
23,363000,0.02077007120521523897620324664,0.02194471,2.19447100,336,283
23,364000,0.02052846186860863609762901484,0.02194470,2.19447000,343,646
23,365000,0.02037040754731147289033042172,0.02194469,2.19446900,354,553
23,366000,0.02040930355088761580040663061,0.02194468,2.19446800,355,258
23,367000,0.02042020785773038648679741956,0.02194467,2.19446700,362,767
23,368000,0.02054294698845919918768373800,0.02194466,2.19446600,377,433
23,369000,0.02023514365311337771940795444,0.02194465,2.19446500,390,922
23,370000,0.02141451670151008083133690634,0.02194464,2.19446400,403,666
23,371000,0.02036306011899480510421515100,0.02194463,2.19446300,410,711
23,372000,0.01998667598469104590424086252,0.02194462,2.19446200,402,110
23,373000,0.02172060858327974973634315462,0.02194461,2.19446100,410,764
23,374000,0.01978439581251627480197525696,0.02194460,2.19446000,412,110
23,375000,0.01973320505093194596917611602,0.02194459,2.19445900,428,683
23,376000,0.02194457399591562482572363834,0.02194458,2.19445800,427,683
23,377000,0.02011588266610855866239530948,0.02024804,2.02480400,421,243
23,378000,0.02023727598284307181047981560,0.02024803,2.02480300,424,218
23,379000,0.01993477651205178413630297097,0.02024802,2.02480200,420,846
23,380000,0.01973826235114010908423202076,0.02024801,2.02480100,411,374
23,381000,0.02006159177502115604818904518,0.02024800,2.02480000,410,870
23,382000,0.02003017485771942873024691012,0.02024799,2.02479900,409,431
23,383000,0.02011762340084955277028137138,0.02024798,2.02479800,403,816
23,384000,0.02024796559784111789865031654,0.02024797,2.02479700,404,354
23,385000,0.01931443407288751540216219158,0.02015298,2.01529800,401,208
23,386000,0.01989013078028954732150914382,0.02015297,2.01529700,396,471
23,387000,0.02015295949819366144050413404,0.02015296,2.01529600,383,611
23,388000,0.01943246188569256353314351691,0.01963630,1.96363000,378,348
23,389000,0.01937344528767299604769426122,0.01963629,1.96362900,343,584
23,390000,0.01963627272245221887111681533,0.01963628,1.96362800,332,580
23,391000,0.01774482958269944148186641014,0.01816106,1.81610600,319,909
23,392000,0.01738934130869974164526145916,0.01816105,1.81610500,304,450
23,393000,0.01598215548168421793954349186,0.01816104,1.81610400,292,28
23,394000,0.01598215548168421793954349186,0.01816103,1.81610300,274,28
23,395000,0.01749612841558511646059614438,0.01816102,1.81610200,268,154
23,396000,0.01748439303604161086920558602,0.01816101,1.81610100,250,154
23,397000,0.01748190284016706930223973314,0.01816100,1.81610000,233,154
23,398000,0.01744105882196138118567603998,0.01816099,1.81609900,223,154
23,399000,0.01743858095357327178915890282,0.01816098,1.81609800,208,154
23,400000,0.01282877468574046912628901988,0.01816097,1.81609700,189,154
23,401000,0.01368666615762149270091275377,0.01816096,1.81609600,170,349
23,402000,0.01200897423403739783057309214,0.01816095,1.81609500,153,28
23,403000,0.01158298776029502765541865552,0.01816094,1.81609400,148,59
23,404000,0.01816092121243178147320094417,0.01816093,1.81609300,141,630
23,405000,0.01182945549005082027409073836,0.01807203,1.80720300,131,164
23,406000,0.01765905764312345675458632355,0.01807202,1.80720200,129,669
23,407000,0.01778791246118331521513237414,0.01807201,1.80720100,120,869
23,408000,0.01183281222324925269047869798,0.01807200,1.80720000,112,15
23,409000,0.01218020058102238185629136422,0.01807199,1.80719900,104,645
23,410000,0.01217758039304452206260666436,0.01807198,1.80719800,100,222
23,411000,0.01807196509201706832001665712,0.01807197,1.80719700,95,577
23,412000,0.01782676090320763299344325043,0.01782677,1.78267700,80,511
23,413000,0.01199487601183202549512859576,0.01469023,1.46902300,76,323
23,414000,0.01123884423321740814084747150,0.01469022,1.46902200,65,479
23,415000,0.01171786550809367911455542018,0.01469021,1.46902100,59,683
23,416000,0.01208308353868527327980274538,0.01469020,1.46902000,54,70
23,417000,0.01469018868661355868736676514,0.01469019,1.46901900,48,99
23,418000,0.01250477629321184225061331712,0.01451172,1.45117200,42,60
23,419000,0.01235267172991133960754671896,0.01451171,1.45117100,35,60
23,420000,0.01141722255818704206010990119,0.01451170,1.45117000,32,37
23,421000,0.01173006674232184167961352309,0.01451169,1.45116900,28,37
23,422000,0.01196200532882363704530927232,0.01451168,1.45116800,24,40
23,423000,0.01216750837846124053525052122,0.01451167,1.45116700,24,164
23,424000,0.01193486533535398998254483690,0.01451166,1.45116600,23,164
23,425000,0.01171717076911608779920642710,0.01451165,1.45116500,23,375
23,426000,0.01177276972595025004441118844,0.01451164,1.45116400,21,752
23,427000,0.01226229011511721647668456178,0.01451163,1.45116300,17,138
23,428000,0.01308975089439468541654349374,0.01451162,1.45116200,17,138
23,429000,0.01383814176345963405616158966,0.01451161,1.45116100,15,138
23,430000,0.01241925826368981051050639262,0.01451160,1.45116000,15,60
23,431000,0.01326356225082595405194497754,0.01451159,1.45115900,12,60
23,432000,0.01210744677725720153816674266,0.01451158,1.45115800,12,37
23,433000,0.01208172369303623364553263916,0.01451157,1.45115700,12,37
23,434000,0.01389455832943117260391271409,0.01451156,1.45115600,12,37
23,435000,0.01291807421251182798749150252,0.01451155,1.45115500,12,888
23,436000,0.01342943062662995767061501570,0.01451154,1.45115400,12,827
23,437000,0.01376611667007515806782431400,0.01451153,1.45115300,12,164
23,438000,0.01314112604928525669699888482,0.01451152,1.45115200,12,375
23,439000,0.01424922751665860512754085031,0.01451151,1.45115100,12,612
23,440000,0.01188408065440024362838972390,0.01451150,1.45115000,12,92
23,441000,0.01214001284854902178233356828,0.01451149,1.45114900,12,685
23,442000,0.01286378175438547077278876478,0.01451148,1.45114800,12,685
23,443000,0.01271445683479288702774954538,0.01451147,1.45114700,12,804
23,444000,0.008510609709923049756014360515,0.01451146,1.45114600,12,752
23,445000,0.01140980312286634362652698470,0.01451145,1.45114500,12,752
23,446000,0.01147639756999777082320132442,0.01451144,1.45114400,12,752
23,447000,0.01147639756999777082320132442,0.01451143,1.45114300,12,752
23,448000,0.01163884171806960647229402750,0.01451142,1.45114200,12,752
23,449000,0.00986940793291701002185515494,0.01451141,1.45114100,12,92
23,450000,0.009847337001531647238940996455,0.01451140,1.45114000,12,92
23,451000,0.01234024805659167107508510566,0.01451139,1.45113900,12,92
23,452000,0.01321794921130455827007792044,0.01451138,1.45113800,12,92
23,453000,0.01404166995577201413002917401,0.01451137,1.45113700,12,92
23,454000,0.00980131002243198858301270606,0.01451136,1.45113600,12,138
23,455000,0.01001408581875073173648910042,0.01451135,1.45113500,12,60
23,456000,0.01020087154197042540824331240,0.01451134,1.45113400,12,60
23,457000,0.01015859387583882086696497796,0.01451133,1.45113300,12,752
23,458000,0.01278175883501790057704621061,0.01451132,1.45113200,12,752
23,459000,0.01275673554810805616247204298,0.01451131,1.45113100,12,752
23,460000,0.01451129878774634796167071268,0.01451130,1.45113000,12,752
23,461000,0.01045856128050384708605221455,0.01280509,1.28050900,12,164
23,462000,0.01051957202872478260822754369,0.01280508,1.28050800,12,827
23,463000,0.01013037323602915726022955761,0.01280507,1.28050700,12,827
23,464000,0.01000739224508230844171362618,0.01280506,1.28050600,12,612
23,465000,0.01019504444666642104694927460,0.01280505,1.28050500,12,612
23,466000,0.01056119729765779004688910569,0.01280504,1.28050400,12,60
23,467000,0.00968925279277299803898415409,0.01280503,1.28050300,12,685
23,468000,0.009921412860507616169405535605,0.01280502,1.28050200,12,685
23,469000,0.009642818627595824001705040735,0.01280501,1.28050100,12,685
23,470000,0.01019381805203479298404560138,0.01280500,1.28050000,12,888
23,471000,0.009093280510603752011901562085,0.01280499,1.28049900,12,888
23,472000,0.01045704691573718841006201414,0.01280498,1.28049800,12,164
23,473000,0.009202929920145943822501795925,0.01280497,1.28049700,12,164
23,474000,0.00885444308425398020207739724,0.01280496,1.28049600,12,164
23,475000,0.009753885710074448359322077065,0.01280495,1.28049500,12,612
23,476000,0.00877734875565948368139159764,0.01280494,1.28049400,12,375
23,477000,0.009380219057871194245605501675,0.01280493,1.28049300,12,92
23,478000,0.01041649275834642708820442863,0.01280492,1.28049200,12,804
23,479000,0.01098401932497972996505658164,0.01280491,1.28049100,12,138
23,480000,0.01095174121222828652918562278,0.01280490,1.28049000,12,138
23,481000,0.01261033749355461190531798544,0.01280489,1.28048900,12,138
23,482000,0.01256927736003311101328347502,0.01280488,1.28048800,12,138
23,483000,0.01212929323060308846379879714,0.01280487,1.28048700,12,60
23,484000,0.01266963238306066027626405024,0.01280486,1.28048600,12,60
23,485000,0.01109019945358698056891136356,0.01280485,1.28048500,12,37
23,486000,0.01093669956591342026909414548,0.01280484,1.28048400,12,37
23,487000,0.01255625468245559667869912424,0.01280483,1.28048300,12,37
23,488000,0.01237785431300286136260314982,0.01280482,1.28048200,12,888
23,489000,0.01211099658618767212327762938,0.01280481,1.28048100,12,827
23,490000,0.01280479064370168421401133642,0.01280480,1.28048000,12,827
23,491000,0.01126576878487116244557251250,0.01271227,1.27122700,12,612
23,492000,0.01238162019490577962899431430,0.01271226,1.27122600,12,375
23,493000,0.01264765011146546898867431552,0.01271225,1.27122500,12,612
23,494000,0.01090758894243407232293525912,0.01271224,1.27122400,12,685
23,495000,0.01085710311078795389152268388,0.01271223,1.27122300,12,804
23,496000,0.01232789403875408041029149188,0.01271222,1.27122200,12,685
23,497000,0.01244587722554667974586086931,0.01271221,1.27122100,12,804
23,498000,0.00992912765632533160094468987,0.01271220,1.27122000,12,685
23,499000,0.008599573427367139889892464315,0.01271219,1.27121900,12,752
23,500000,0.008232633940605859851031418165,0.01271218,1.27121800,12,60
23,501000,0.00856312562878140511965982140,0.01271217,1.27121700,12,60
23,502000,0.00805934760084595319620265330,0.01271216,1.27121600,12,138
23,503000,0.008156749066315633136574835995,0.01271215,1.27121500,12,375
23,504000,0.008072626054966354780822439235,0.01271214,1.27121400,12,138
23,505000,0.008070017103533685216197470495,0.01271213,1.27121300,12,752
23,506000,0.01117652923713477833617158354,0.01271212,1.27121200,12,92
23,507000,0.01102481720056872370058722990,0.01271211,1.27121100,12,92
23,508000,0.01203700400700497461701730336,0.01271210,1.27121000,12,92
23,509000,0.01271208927228258614331584592,0.01271209,1.27120900,12,92
23,510000,0.01028271560575430782955082464,0.01270247,1.27024700,12,92
23,511000,0.008440045031594792613533371965,0.01270246,1.27024600,12,60
23,512000,0.00909194244009918527003043504,0.01270245,1.27024500,12,138
23,513000,0.00920451494210848511263508454,0.01270244,1.27024400,12,60
23,514000,0.01144300393351055005030067560,0.01270243,1.27024300,12,752
23,515000,0.01127969697324536785900208570,0.01270242,1.27024200,12,752
23,516000,0.01270240124164276736780549084,0.01270241,1.27024100,12,752
23,517000,0.01032198841010304138994525839,0.01073677,1.07367700,12,752
23,518000,0.01039608515721701908865804542,0.01073676,1.07367600,12,752
23,519000,0.009054332838005545349263421025,0.01073675,1.07367500,12,888
23,520000,0.009366230007284320836682352185,0.01073674,1.07367400,12,827
23,521000,0.00951484845431618979108400491,0.01073673,1.07367300,12,164
23,522000,0.009478007069529574969246759595,0.01073672,1.07367200,12,164
23,523000,0.00927400803876538673138195104,0.01073671,1.07367100,12,164
23,524000,0.00927400803876538673138195104,0.01073670,1.07367000,12,164
23,525000,0.008956345761735694604950930235,0.01073669,1.07366900,12,612
23,526000,0.00878686360974644598316518423,0.01073668,1.07366800,12,612
23,527000,0.008986271566271046569628281015,0.01073667,1.07366700,12,685
23,528000,0.009428540874571805147801901785,0.01073666,1.07366600,12,37
23,529000,0.00880348989106991887452331162,0.01073665,1.07366500,12,685
23,530000,0.009730885673312456518378969725,0.01073664,1.07366400,12,888
23,531000,0.00861301151947586118232303069,0.01073663,1.07366300,12,685
23,532000,0.009770988978117342377817657335,0.01073662,1.07366200,12,164
23,533000,0.00813580259189500223324595754,0.01073661,1.07366100,12,752
23,534000,0.009387350280114625899209928475,0.01073660,1.07366000,12,375
23,535000,0.00788498160308280564220114334,0.01073659,1.07365900,12,92
23,536000,0.00788498160308280564220114334,0.01073658,1.07365800,12,92
23,537000,0.00860947455909507199647775689,0.01073657,1.07365700,12,92
23,538000,0.009627766444911531103670256295,0.01073656,1.07365600,12,685
23,539000,0.00955087047490026141150300976,0.01073655,1.07365500,12,804
23,540000,0.009106535001346803649651933035,0.01073654,1.07365400,12,92
23,541000,0.00901789134521563031523266944,0.01073653,1.07365300,12,92
23,542000,0.008986724522333566823917602225,0.01073652,1.07365200,12,92
23,543000,0.008824781549141270306089148155,0.01073651,1.07365100,12,92
23,544000,0.00879365268144854572680980288,0.01073650,1.07365000,12,92
23,545000,0.00883324376760823130000722752,0.01073649,1.07364900,12,752
23,546000,0.01045745315417534407625689259,0.01073648,1.07364800,12,138
23,547000,0.01045745315417534407625689259,0.01073647,1.07364700,12,138
23,548000,0.00945370847873620069137686188,0.01073646,1.07364600,12,752
23,549000,0.00923670824670989250863247228,0.01073645,1.07364500,12,752
23,550000,0.009204491228412712419227219255,0.01073644,1.07364400,12,752
23,551000,0.00944386364427203583043520506,0.01073643,1.07364300,12,92
23,552000,0.01056616521688267842615300477,0.01073642,1.07364200,12,37
23,553000,0.00913884186550830061291162202,0.01073641,1.07364100,12,827
23,554000,0.00895371350554661333217741994,0.01073640,1.07364000,12,164
23,555000,0.00895371350554661333217741994,0.01073639,1.07363900,12,164
23,556000,0.008577966800137089591437671825,0.01073638,1.07363800,12,375
23,557000,0.009491044491293944100093124975,0.01073637,1.07363700,12,804
23,558000,0.01043735817543160564572406638,0.01073636,1.07363600,12,375
23,559000,0.01053914815111697773836600296,0.01073635,1.07363500,12,612
23,560000,0.01053914815111697773836600296,0.01073634,1.07363400,12,612
23,561000,0.008583309946556309484603937655,0.01073633,1.07363300,12,804
23,562000,0.008405502007272811552542174345,0.01073632,1.07363200,12,804
23,563000,0.01022499432483836105716575768,0.01073631,1.07363100,12,685
23,564000,0.00849216524666079041194572976,0.01073630,1.07363000,12,60
23,565000,0.00857991854567167062340692536,0.01073629,1.07362900,12,60
23,566000,0.008199739174141359576864307755,0.01073628,1.07362800,12,60
23,567000,0.007917604732366088072399751645,0.01073627,1.07362700,12,138
23,568000,0.00835126995518699180515020955,0.01073626,1.07362600,12,60
23,569000,0.00819875324499001653133687545,0.01073625,1.07362500,12,60
23,570000,0.008455165985497651747364189535,0.01073624,1.07362400,12,37
23,571000,0.008620538105644995093115383205,0.01073623,1.07362300,12,888
23,572000,0.008421896440498128346387785775,0.01073622,1.07362200,12,888
23,573000,0.008829247066981019880541533755,0.01073621,1.07362100,12,164
23,574000,0.008997229092060794120268390035,0.01073620,1.07362000,12,92
23,575000,0.008660194871226560155643800115,0.01073619,1.07361900,12,92
23,576000,0.01067877708058340023138189864,0.01073618,1.07361800,12,92
23,577000,0.008215859218003918973297693305,0.01073617,1.07361700,12,164
23,578000,0.00819065925822869915179477143,0.01073616,1.07361600,12,164
23,579000,0.00860915289096116732540449669,0.01073615,1.07361500,12,685
23,580000,0.00870500308410443658949935830,0.01073614,1.07361400,12,752
23,581000,0.00878522901929918956089580854,0.01073613,1.07361300,12,804
23,582000,0.00861240130378393635068818734,0.01073612,1.07361200,12,804
23,583000,0.008976698413348989388911408655,0.01073611,1.07361100,12,752
23,584000,0.008833121048121266883038244215,0.01073610,1.07361000,12,752
23,585000,0.008685478320865087550889215135,0.01073609,1.07360900,12,752
23,586000,0.01073607627936554558260887485,0.01073608,1.07360800,12,752
23,587000,0.007795809340386073700176440095,0.00963473,0.96347300,12,60
23,588000,0.00752606800915912684464829140,0.00963472,0.96347200,12,164
23,589000,0.007498710791646384811336699275,0.00963471,0.96347100,12,164
23,590000,0.007336942639081660996942862775,0.00963470,0.96347000,12,37
23,591000,0.007448345297252512925863319305,0.00963469,0.96346900,12,37
23,592000,0.008119533209922244998312710025,0.00963468,0.96346800,12,37
23,593000,0.00846242408193125820281454668,0.00963467,0.96346700,12,92
23,594000,0.008666175129817123724043584305,0.00963466,0.96346600,12,92
23,595000,0.008438801649569009245817482965,0.00963465,0.96346500,12,92
23,596000,0.007486706259692879977606819275,0.00963464,0.96346400,12,92
23,597000,0.008305669446098002496541628525,0.00963463,0.96346300,12,92
23,598000,0.008149500057069659594211707215,0.00963462,0.96346200,12,92
23,599000,0.008128347054674276452220622055,0.00963461,0.96346100,12,92
23,600000,0.00778718838765108701818282992,0.00963460,0.96346000,12,60
23,601000,0.007619645794093270792498382115,0.00963459,0.96345900,12,60
23,602000,0.00819553254913403719941371410,0.00963458,0.96345800,12,752
23,603000,0.00832276441284650432309573786,0.00963457,0.96345700,12,752
23,604000,0.00823886095146482505159040843,0.00963456,0.96345600,12,752
23,605000,0.007293122477860708597024880335,0.00963455,0.96345500,12,92
23,606000,0.008107315804514546869060543885,0.00963454,0.96345400,12,752
23,607000,0.00791708123235945605009332980,0.00963453,0.96345300,12,752
23,608000,0.00788223313156480916236834734,0.00963452,0.96345200,12,752
23,609000,0.007712306636768747825224349025,0.00963451,0.96345100,12,752
23,610000,0.00740279043571670696316664377,0.00963450,0.96345000,12,827
23,611000,0.007280816286171151835571125735,0.00963449,0.96344900,12,164
23,612000,0.008782008905254114705948067105,0.00963448,0.96344800,12,164
23,613000,0.00691133604576221492125651991,0.00963447,0.96344700,12,375
23,614000,0.007481619405985364949223100255,0.00963446,0.96344600,12,752
23,615000,0.00764690988789519091739779340,0.00963445,0.96344500,12,752
23,616000,0.007302245918279299902309021305,0.00963444,0.96344400,12,92
23,617000,0.00720913639997516746884395260,0.00963443,0.96344300,12,92
23,618000,0.007588913297518366147335402215,0.00963442,0.96344200,12,752
23,619000,0.007435626715541615716402673995,0.00963441,0.96344100,12,752
23,620000,0.00740754661842267121520482502,0.00963440,0.96344000,12,752
23,621000,0.00740259519401634925642262306,0.00963439,0.96343900,12,60
23,622000,0.00730864505243482111069269761,0.00963438,0.96343800,12,60
23,623000,0.007150976932960676146451497365,0.00963437,0.96343700,12,37
23,624000,0.00694620333592792239387395777,0.00963436,0.96343600,12,888
23,625000,0.007510265429397046866618049085,0.00963435,0.96343500,12,752
23,626000,0.00762467308717194627702207562,0.00963434,0.96343400,12,752
23,627000,0.00752798128935514807064138929,0.00963433,0.96343300,12,164
23,628000,0.00716640311840237924603203670,0.00963432,0.96343200,12,827
23,629000,0.00771611295782884403946817388,0.00963431,0.96343100,12,164
23,630000,0.007140684938708649064483348375,0.00963430,0.96343000,12,92
23,631000,0.00723543037615830379420971148,0.00963429,0.96342900,12,60
23,632000,0.00711381789145764215684431382,0.00963428,0.96342800,12,804
23,633000,0.00725195631828759837584704577,0.00963427,0.96342700,12,685
23,634000,0.007230557138348491194750843865,0.00963426,0.96342600,12,685
23,635000,0.007302096945755636047944175005,0.00963425,0.96342500,12,685
23,636000,0.00733537905506684500704530036,0.00963424,0.96342400,12,804
23,637000,0.007144579874371495965250059175,0.00963423,0.96342300,12,888
23,638000,0.00742660813227455143616238564,0.00963422,0.96342200,12,827
23,639000,0.00747481104702918959103511766,0.00963421,0.96342100,12,164
23,640000,0.00737118778511244740578182669,0.00963420,0.96342000,12,164
23,641000,0.007347411124784785268303680905,0.00963419,0.96341900,12,612
23,642000,0.007194166704719145057213977425,0.00963418,0.96341800,12,888
23,643000,0.00726640146245811910955357629,0.00963417,0.96341700,12,752
23,644000,0.00726640146245811910955357629,0.00963416,0.96341600,12,752
23,645000,0.007712553304325749651150133005,0.00963415,0.96341500,12,164
23,646000,0.00709730945630017321278722944,0.00963414,0.96341400,12,92
23,647000,0.006985790647725030249969572975,0.00963413,0.96341300,12,612
23,648000,0.00695846150304765167103626819,0.00963412,0.96341200,12,92
23,649000,0.007133813292984182808232543565,0.00963411,0.96341100,12,92
23,650000,0.00719986301724079417938084302,0.00963410,0.96341000,12,92
23,651000,0.006904106720276786539632946135,0.00963409,0.96340900,12,92
23,652000,0.007374909923225843170604853265,0.00963408,0.96340800,12,92
23,653000,0.00668550984188149359278468353,0.00963407,0.96340700,12,138
23,654000,0.006661071924079945701260713915,0.00963406,0.96340600,12,138
23,655000,0.006472510095087279534843838045,0.00963405,0.96340500,12,138
23,656000,0.006637772167172579132345036035,0.00963404,0.96340400,12,752
23,657000,0.00832997900115300330590475770,0.00963403,0.96340300,12,138
23,658000,0.00889528350637506142852531299,0.00963402,0.96340200,12,138
23,659000,0.00878881080290226883022521907,0.00963401,0.96340100,12,138
23,660000,0.008757346698056721434337831085,0.00963400,0.96340000,12,138
23,661000,0.008986133653315280929413616515,0.00963399,0.96339900,12,60
23,662000,0.00895456535403557478235203721,0.00963398,0.96339800,12,60
23,663000,0.00909748240023394445821579947,0.00963397,0.96339700,12,60
23,664000,0.00851434389700971768404264972,0.00963396,0.96339600,12,60
23,665000,0.00904544283093434670253152843,0.00963395,0.96339500,12,37
23,666000,0.00935132449403049574829647272,0.00963394,0.96339400,12,37
23,667000,0.00931959062170756864548468265,0.00963393,0.96339300,12,37
23,668000,0.008858866232542753454427484155,0.00963392,0.96339200,12,888
23,669000,0.00940316085475544736655102088,0.00963391,0.96339100,12,164
23,670000,0.009370920758360633415367585855,0.00963390,0.96339000,12,827
23,671000,0.00934039407980129402792797064,0.00963389,0.96338900,12,827
23,672000,0.00844335032245194772799772750,0.00963388,0.96338800,12,375
23,673000,0.00902926672094501006556252669,0.00963387,0.96338700,12,375
23,674000,0.00930793966387167920629257699,0.00963386,0.96338600,12,375
23,675000,0.008731995591385111099842754395,0.00963385,0.96338500,12,612
23,676000,0.008535691349558182691376654115,0.00963384,0.96338400,12,375
23,677000,0.008578399795977281273558654835,0.00963383,0.96338300,12,685
23,678000,0.009161891012310147075316836815,0.00963382,0.96338200,12,685
23,679000,0.00945647556492124762830358267,0.00963381,0.96338100,12,685
23,680000,0.009430330335246291621229505695,0.00963380,0.96338000,11,685
23,681000,0.00879729117457715014624685912,0.00963379,0.96337900,10,804
23,682000,0.008527833388470936195757429695,0.00963378,0.96337800,10,685
23,683000,0.00822569562573407129957563007,0.00963377,0.96337700,10,685
23,684000,0.008209890082453231278217294275,0.00963376,0.96337600,9,685
23,685000,0.007928050088447185892748465655,0.00963375,0.96337500,9,804
23,686000,0.00784991057512686889825291622,0.00963374,0.96337400,7,804
23,687000,0.007209873073459930068377417815,0.00963373,0.96337300,7,375
23,688000,0.007057433667585223102748119715,0.00963372,0.96337200,7,685
23,689000,0.007057433667585223102748119715,0.00963371,0.96337100,6,685
23,690000,0.00732322412753225473349466934,0.00963370,0.96337000,5,685
23,691000,0.007757558688771316969271327465,0.00963369,0.96336900,4,804
23,692000,0.007788057389121145086137008435,0.00963368,0.96336800,4,804
23,693000,0.008811656263762263232481113375,0.00963367,0.96336700,3,92
23,694000,0.00923244657039206885361200711,0.00963366,0.96336600,2,92
23,695000,0.009633640288410994866291055325,0.00963365,0.96336500,2,92
23,696000,0.007040701824384684248829128455,0.00938833,0.93883300,2,92
23,697000,0.007203417092329336265793453075,0.00938832,0.93883200,2,92
23,698000,0.00854121966244993520579006404,0.00938831,0.93883100,2,92
23,699000,0.008363736266372575164920521025,0.00938830,0.93883000,2,92
23,700000,0.00812195442147624292064855627,0.00938829,0.93882900,2,92
23,701000,0.006700858721559437325937735165,0.00938828,0.93882800,2,752
23,702000,0.00659937054918779884941180960,0.00938827,0.93882700,2,752
23,703000,0.00658976192274605771810023940,0.00938826,0.93882600,2,752
23,704000,0.00862857340064154691484475956,0.00938825,0.93882500,2,752
23,705000,0.009203231166035028594408654005,0.00938824,0.93882400,2,752
23,706000,0.009388226928084371955562421155,0.00938823,0.93882300,2,752
23,707000,0.00935843861348551817413419252,0.00935844,0.93584400,2,752
23,708000,0.007473122946347236549092614945,0.00828544,0.82854400,2,92
23,709000,0.008285429243737751342661923205,0.00828543,0.82854300,1,752
23,710000,0.00789812153498463001690060867,0.00795336,0.79533600,1,752
23,711000,0.007883415978493517391121179365,0.00795335,0.79533500,1,752
23,712000,0.007953339367289933903963603775,0.00795334,0.79533400,1,752
23,713000,0.005293538305858396690065850195,0.00775443,0.77544300,1,752
23,714000,0.005342830103039720241098527145,0.00775442,0.77544200,1,752
23,715000,0.00538030769517012608689072589,0.00775441,0.77544100,1,752
23,716000,0.007234308687492201069968071245,0.00775440,0.77544000,1,752
23,717000,0.007382470965506754779179199905,0.00775439,0.77543900,1,752
23,718000,0.007679011345908925997545799405,0.00775438,0.77543800,1,752
23,719000,0.007754369321415581872957263175,0.00775437,0.77543700,1,752
23,720000,0.007457186532036114829760347635,0.00745719,0.74571900,1,752
23,721000,0.00687535728996423484646494710,0.00689938,0.68993800,1,752
23,722000,0.00687535728996423484646494710,0.00689937,0.68993700,1,752
23,723000,0.006899355895624149209036745105,0.00689936,0.68993600,1,752
23,724000,0.00685256446796170984126534156,0.00689240,0.68924000,1,752
23,725000,0.00689238770080040822476409460,0.00689239,0.68923900,1,752
24,337000,0.01885349303180501566580937687,0.02955166,2.95516600,1,203
24,338000,0.01883602661394276046056852700,0.02955165,2.95516500,1,203
24,339000,0.01883602661394276046056852700,0.02955164,2.95516400,1,203
24,340000,0.01881859252890955431427532071,0.02955163,2.95516300,1,203
24,341000,0.01253919496848127645517144620,0.02955162,2.95516200,1,203
24,342000,0.01853740992093654382894331430,0.02955161,2.95516100,2,8
24,343000,0.01853447095347559663459014577,0.02955160,2.95516000,3,8
24,344000,0.01917262211558899092611557344,0.02955159,2.95515900,4,8
24,345000,0.01900894195692725052309035254,0.02955158,2.95515800,4,8
24,346000,0.01839175750450524230667238082,0.02955157,2.95515700,4,33
24,347000,0.01838865092232993967210744853,0.02955156,2.95515600,4,33
24,348000,0.01837443389434743223907013137,0.02955155,2.95515500,5,693
24,349000,0.01776456608797722091873161604,0.02955154,2.95515400,7,702
24,350000,0.01771389661498335650090539177,0.02955153,2.95515300,8,85
24,351000,0.02735475892124715452307456228,0.02955152,2.95515200,9,951
24,352000,0.02735475892124715452307456228,0.02955151,2.95515100,11,951
24,353000,0.02735059951905162749586585501,0.02955150,2.95515000,15,951
24,354000,0.02732681400606037597187344420,0.02955149,2.95514900,16,951
24,355000,0.02732266309715496534510503964,0.02955148,2.95514800,20,951
24,356000,0.02696947712197332322069929144,0.02955147,2.95514700,25,588
24,357000,0.02692818047009902911738347315,0.02955146,2.95514600,35,360
24,358000,0.02692376408758880737675805294,0.02955145,2.95514500,37,360
24,359000,0.02109100867843669700081808268,0.02955144,2.95514400,41,828
24,360000,0.01926525084155256462941157886,0.02955143,2.95514300,48,938
24,361000,0.02050115513831457565175731175,0.02955142,2.95514200,54,654
24,362000,0.02609578168169559539117329139,0.02955141,2.95514100,74,889
24,363000,0.02605102930730298870576596078,0.02955140,2.95514000,78,889
24,364000,0.02589628361693205900708095704,0.02955139,2.95513900,92,889
24,365000,0.02745828291820624134296742637,0.02955138,2.95513800,103,122
24,366000,0.02020663137797810410812995180,0.02955137,2.95513700,114,730
24,367000,0.02758079023529344845298858804,0.02955136,2.95513600,124,258
24,368000,0.02755458550320806711127737698,0.02955135,2.95513500,132,258
24,369000,0.02955133353446836802698517261,0.02955134,2.95513400,141,258
24,370000,0.02638654592076671028607446130,0.02948289,2.94828900,155,766
24,371000,0.02630906416354326580015259000,0.02948288,2.94828800,172,766
24,372000,0.02928032995944290695878650022,0.02948287,2.94828700,190,705
24,373000,0.02928032995944290695878650022,0.02948286,2.94828600,203,705
24,374000,0.02925483042713871956662463576,0.02948285,2.94828500,216,705
24,375000,0.02948283711525644495693517084,0.02948284,2.94828400,233,110
24,376000,0.02943881751102881048532590711,0.02943882,2.94388200,237,110
24,377000,0.02930578054409682701143199523,0.02930579,2.93057900,257,110
24,378000,0.02700287602420269372966802050,0.02856171,2.85617100,266,814
24,379000,0.02700287602420269372966802050,0.02856170,2.85617000,279,814
24,380000,0.02856168497266833993109005138,0.02856169,2.85616900,296,814
24,381000,0.01984327777911304875930886365,0.02792334,2.79233400,314,218
24,382000,0.02656690056529491526604594191,0.02792333,2.79233300,322,959
24,383000,0.01945804162550408396986106962,0.02792332,2.79233200,333,671
24,384000,0.01994097812224221619645120372,0.02792331,2.79233100,344,500
24,385000,0.01908418948133874492662401355,0.02792330,2.79233000,354,412
24,386000,0.02792328949915933151828237788,0.02792329,2.79232900,360,166
24,387000,0.02778857283495931294156837412,0.02778858,2.77885800,372,166
24,388000,0.02766806145369981747611880646,0.02766807,2.76680700,379,166
24,389000,0.02757829134174508250221612802,0.02757832,2.75783200,413,166
24,390000,0.02757829134174508250221612802,0.02757831,2.75783100,422,166
24,391000,0.02757829134174508250221612802,0.02757830,2.75783000,430,166
24,392000,0.02755331963749816968345370454,0.02755332,2.75533200,434,166
24,393000,0.01921577582727760636458676350,0.01921578,1.92157800,437,981
24,394000,0.01818322284890693030462426704,0.01818323,1.81832300,454,875
24,395000,0.01764223129706184287676026402,0.01809029,1.80902900,447,49
24,396000,0.01763997290445379796716913120,0.01809028,1.80902800,456,49
24,397000,0.01796899592763648766075417154,0.01809027,1.80902700,466,648
24,398000,0.01739694411407186705631761977,0.01809026,1.80902600,462,452
24,399000,0.01753055711875205462894563911,0.01809025,1.80902500,463,661
24,400000,0.01761515354584234689278496546,0.01809024,1.80902400,466,312
24,401000,0.01809022238686913230998058366,0.01809023,1.80902300,470,160
24,402000,0.01759274143707259860049498946,0.01808347,1.80834700,468,266
24,403000,0.01740709096132897136464773342,0.01808346,1.80834600,456,792
24,404000,0.01741622113827509720044137984,0.01808345,1.80834500,441,432
24,405000,0.01786134533273241205636114958,0.01808344,1.80834400,431,329
24,406000,0.01775230475445735986272146076,0.01808343,1.80834300,416,2
24,407000,0.01800709529662622156191696812,0.01808342,1.80834200,401,652
24,408000,0.01784953380717565548176791656,0.01808341,1.80834100,387,673
24,409000,0.01774381072563101708398967581,0.01808340,1.80834000,376,179
24,410000,0.01802915366633393845754480884,0.01808339,1.80833900,369,811
24,411000,0.01750014085068178669477473090,0.01808338,1.80833800,363,398
24,412000,0.01800360013260453304186846023,0.01808337,1.80833700,362,684
24,413000,0.01776219866185948635946902374,0.01808336,1.80833600,355,747
24,414000,0.01808334259064367679507180752,0.01808335,1.80833500,345,456
24,415000,0.01737191196182312242419295582,0.01776027,1.77602700,332,298
24,416000,0.01756540197583558867938145168,0.01776026,1.77602600,316,215
24,417000,0.01483124918753494643638892202,0.01776025,1.77602500,307,492
24,418000,0.01758506022689914016734202406,0.01776024,1.77602400,299,178
24,419000,0.01766175384281540958415435532,0.01776023,1.77602300,287,930
24,420000,0.01742968112845763161544392284,0.01776022,1.77602200,271,945
24,421000,0.01774094568940798872706313249,0.01776021,1.77602100,261,486
24,422000,0.01768729698895538146406325674,0.01776020,1.77602000,248,502
24,423000,0.01741509931061459595703380161,0.01776019,1.77601900,231,580
24,424000,0.01776017837830024015733432338,0.01776018,1.77601800,219,740
24,425000,0.01208498534052309381198900908,0.01750981,1.75098100,206,497
24,426000,0.01750979641101347172533850098,0.01750980,1.75098000,196,89
24,427000,0.01456068913640533603004974868,0.01500901,1.50090100,186,155
24,428000,0.01500899838726510466163023876,0.01500900,1.50090000,176,155
24,429000,0.01367700137088448560579242492,0.01494828,1.49482800,167,40
24,430000,0.01364139118839154487060155213,0.01494827,1.49482700,157,382
24,431000,0.01494825411235820104920659583,0.01494826,1.49482600,153,515
24,432000,0.01435850614235548982949373552,0.01492662,1.49266200,146,210
24,433000,0.01222296732026150342985385314,0.01492661,1.49266100,134,179
24,434000,0.01285258020227866917933167938,0.01492660,1.49266000,132,818
24,435000,0.01317756197185499682978485988,0.01492659,1.49265900,128,661
24,436000,0.01310909508346591849315276446,0.01492658,1.49265800,122,872
24,437000,0.01377302409200655652522209282,0.01492657,1.49265700,120,160
24,438000,0.01460683480402511518009626087,0.01492656,1.49265600,118,160
24,439000,0.01389898289825705384308357192,0.01492655,1.49265500,107,135
24,440000,0.01379176600281140322799973772,0.01492654,1.49265400,104,561
24,441000,0.01345241321803286861113103452,0.01492653,1.49265300,101,172
24,442000,0.01417983419382212282055304402,0.01492652,1.49265200,96,172
24,443000,0.01470278373119572312730059835,0.01492651,1.49265100,92,593
24,444000,0.01417751977586677019147828656,0.01492650,1.49265000,89,62
24,445000,0.01480069900442992784950594910,0.01492649,1.49264900,87,421
24,446000,0.01452618347800425245133425934,0.01492648,1.49264800,86,369
24,447000,0.01456239436656050415125847192,0.01492647,1.49264700,84,659
24,448000,0.01397181183692953816559649816,0.01492646,1.49264600,84,184
24,449000,0.01492644442330917982817626197,0.01492645,1.49264500,83,184
24,450000,0.01460341871882928331754868446,0.01460342,1.46034200,83,684
24,451000,0.01322363642518615647008241156,0.01444693,1.44469300,83,366
24,452000,0.01386376180105153547402505074,0.01444692,1.44469200,83,734
24,453000,0.01400961654653883488583322548,0.01444691,1.44469100,83,583
24,454000,0.01428259454510449126399872023,0.01444690,1.44469000,83,328
24,455000,0.01274638832216277323770722566,0.01444689,1.44468900,83,202
24,456000,0.01354688584278719660593531765,0.01444688,1.44468800,83,36
24,457000,0.01442325567736408596620255936,0.01444687,1.44468700,83,807
24,458000,0.01403544542301605047659806262,0.01444686,1.44468600,83,858
24,459000,0.01441318182324471742072289666,0.01444685,1.44468500,83,45
24,460000,0.01444683360244378669084856096,0.01444684,1.44468400,83,425
24,461000,0.01252463559185483658223861326,0.01419447,1.41944700,83,740
24,462000,0.01250036846470538725003798406,0.01419446,1.41944600,83,740
24,463000,0.01419444584135258984666907020,0.01419445,1.41944500,83,740
24,464000,0.01032242022809753487760558654,0.01331922,1.33192200,83,160
24,465000,0.01247738934293497485328525694,0.01331921,1.33192100,83,77
24,466000,0.01331919800464863157207094438,0.01331920,1.33192000,83,77
24,467000,0.01038519268324648462725434714,0.01315595,1.31559500,83,172
24,468000,0.01043120076274686002400284812,0.01315594,1.31559400,83,643
24,469000,0.01049854891389963364361071379,0.01315593,1.31559300,83,593
24,470000,0.01080844955279376124167137654,0.01315592,1.31559200,83,421
24,471000,0.01096557195305917383910850001,0.01315591,1.31559100,83,421
24,472000,0.01051045400400756325019165004,0.01315590,1.31559000,83,421
24,473000,0.01059712020838842768767290286,0.01315589,1.31558900,83,19
24,474000,0.01081185756184411074558443156,0.01315588,1.31558800,83,137
24,475000,0.01076264025663365999195922936,0.01315587,1.31558700,83,184
24,476000,0.01059708772284505448554710199,0.01315586,1.31558600,83,684
24,477000,0.01075295862871100226076768566,0.01315585,1.31558500,83,905
24,478000,0.01061224338966482886201607212,0.01315584,1.31558400,83,905
24,479000,0.01216341743440713914505205841,0.01315583,1.31558300,83,905
24,480000,0.01063294411838732385973034558,0.01315582,1.31558200,83,710
24,481000,0.01021541990398635657750946164,0.01315581,1.31558100,83,710
24,482000,0.01056562846451072657046355952,0.01315580,1.31558000,83,297
24,483000,0.01062688022892453782759259074,0.01315579,1.31557900,83,940
24,484000,0.01063108785901185721741913556,0.01315578,1.31557800,83,36
24,485000,0.01230942969761988908421023349,0.01315577,1.31557700,83,112
24,486000,0.01227235209215817531791886590,0.01315576,1.31557600,83,112
24,487000,0.01106013652415408077473154273,0.01315575,1.31557500,83,661
24,488000,0.01221553047538481220491569560,0.01315574,1.31557400,83,971
24,489000,0.01237693805436142264489500549,0.01315573,1.31557300,83,661
24,490000,0.01271422510268271731441123614,0.01315572,1.31557200,83,394
24,491000,0.01267492036210938023128467427,0.01315571,1.31557100,83,394
24,492000,0.01245531527975453557071661600,0.01315570,1.31557000,83,979
24,493000,0.01275445634811171955147632868,0.01315569,1.31556900,83,135
24,494000,0.01258040964170383588468562759,0.01315568,1.31556800,83,561
24,495000,0.01268458593811198214191811944,0.01315567,1.31556700,83,506
24,496000,0.01291540503145083359869087884,0.01315566,1.31556600,83,172
24,497000,0.01275991921328388238326734840,0.01315565,1.31556500,83,317
24,498000,0.01285465315957855074635471732,0.01315564,1.31556400,83,593
24,499000,0.01315562547736442072990382324,0.01315563,1.31556300,83,421
24,500000,0.01277167658429668196736285905,0.01307153,1.30715300,83,520
24,501000,0.01291542457944486107787234760,0.01307152,1.30715200,83,642
24,502000,0.01284249132622098544291191461,0.01307151,1.30715100,83,249
24,503000,0.01280488350865105304156874630,0.01307150,1.30715000,83,153
24,504000,0.01306460247903427463917457264,0.01307149,1.30714900,83,137
24,505000,0.01287382780387446744569561722,0.01307148,1.30714800,83,684
24,506000,0.01237683136112474496985846472,0.01307147,1.30714700,83,246
24,507000,0.01270701124344707432544117038,0.01307146,1.30714600,83,366
24,508000,0.01256196302445301908681341794,0.01307145,1.30714500,83,286
24,509000,0.01307143387772121647640188544,0.01307144,1.30714400,83,710
24,510000,0.01222935021567088618756262334,0.01285083,1.28508300,83,363
24,511000,0.01235841280992264516076818553,0.01285082,1.28508200,83,202
24,512000,0.01279126221908346916353250080,0.01285081,1.28508100,83,202
24,513000,0.01280662496923978482583971288,0.01285080,1.28508000,83,807
24,514000,0.01270464084760082868202229221,0.01285079,1.28507900,83,453
24,515000,0.01285077987224708429622777420,0.01285078,1.28507800,83,45
24,516000,0.01278656801856018928340966426,0.01282247,1.28224700,83,425
24,517000,0.01158840835260662592303388702,0.01282246,1.28224600,83,740
24,518000,0.01143437270120867002130526327,0.01282245,1.28224500,83,740
24,519000,0.01233993870143883927182124890,0.01282244,1.28224400,83,740
24,520000,0.01282242079338620101588125798,0.01282243,1.28224300,83,740
24,521000,0.01137201432261064120610587152,0.01270322,1.27032200,83,77
24,522000,0.01134369213835290730622658762,0.01270321,1.27032100,83,77
24,523000,0.01221881353715607978449626568,0.01270320,1.27032000,83,77
24,524000,0.01270318094780537487517683418,0.01270319,1.27031900,83,77
24,525000,0.01042140760480307010224022387,0.01110306,1.11030600,83,77
24,526000,0.009059972162587205734838845575,0.01110305,1.11030500,83,9
24,527000,0.009377310563089497221053125165,0.01110304,1.11030400,83,172
24,528000,0.00952140261189260454362131672,0.01110303,1.11030300,83,593
24,529000,0.009381330883631885238116669885,0.01110302,1.11030200,83,643
24,530000,0.009825870928403770432530409605,0.01110301,1.11030100,83,818
24,531000,0.00960978795580146393721401158,0.01110300,1.11030000,83,421
24,532000,0.00957704876162112303726582545,0.01110299,1.11029900,83,421
24,533000,0.009458665201848790579666975595,0.01110298,1.11029800,83,513
24,534000,0.009647007027049675178663950315,0.01110297,1.11029700,83,153
24,535000,0.009575165956688705684285805055,0.01110296,1.11029600,83,561
24,536000,0.009734468147056912255089480945,0.01110295,1.11029500,83,90
24,537000,0.00940748940022761773914422646,0.01110294,1.11029400,83,137
24,538000,0.00946332698569251440344162174,0.01110293,1.11029300,83,172
24,539000,0.009208508222979813173787438955,0.01110292,1.11029200,83,137
24,540000,0.009613935914794952502443919085,0.01110291,1.11029100,83,753
24,541000,0.00977020962836214474974507499,0.01110290,1.11029000,83,29
24,542000,0.00984725911267362257167935882,0.01110289,1.11028900,83,642
24,543000,0.00948147484432241107473854614,0.01110288,1.11028800,83,65
24,544000,0.00945719849645337901807722724,0.01110287,1.11028700,83,202
24,545000,0.00940638587011161647510507323,0.01110286,1.11028600,83,36
24,546000,0.00966996981944337443304242113,0.01110285,1.11028500,83,310
24,547000,0.00957911917438172738324878789,0.01110284,1.11028400,83,137
24,548000,0.00935883329609387244652367298,0.01110283,1.11028300,83,425
24,549000,0.00930528692916487200216122083,0.01110282,1.11028200,83,246
24,550000,0.01052435928667244585843499063,0.01110281,1.11028100,83,610
24,551000,0.01024070882462775358217898625,0.01110280,1.11028000,83,297
24,552000,0.009230386924765090419106450825,0.01110279,1.11027900,83,740
24,553000,0.01046142035468603543469945914,0.01110278,1.11027800,83,971
24,554000,0.01054100819821805287710399018,0.01110277,1.11027700,83,661
24,555000,0.01039287413174305095146650906,0.01110276,1.11027600,83,661
24,556000,0.00953822906405831137296418735,0.01110275,1.11027500,83,545
24,557000,0.01050813882907036655145668802,0.01110274,1.11027400,83,886
24,558000,0.01034934912331919028379416912,0.01110273,1.11027300,83,317
24,559000,0.01046439243548368410767524486,0.01110272,1.11027200,83,944
24,560000,0.00911194876170341969384158996,0.01110271,1.11027100,83,172
24,561000,0.009250213101319337924584264015,0.01110270,1.11027000,83,421
24,562000,0.009213078662348964069358190705,0.01110269,1.11026900,83,643
24,563000,0.01053627086411136301396656348,0.01110268,1.11026800,83,949
24,564000,0.01053627086411136301396656348,0.01110267,1.11026700,83,949
24,565000,0.01082478779208605097184381012,0.01110266,1.11026600,83,593
24,566000,0.01062170687640418013703570846,0.01110265,1.11026500,83,62
24,567000,0.00912518398111956319182355459,0.01110264,1.11026400,83,137
24,568000,0.01047079200834316700619310744,0.01110263,1.11026300,83,190
24,569000,0.01014365352464642120992029000,0.01110262,1.11026200,83,742
24,570000,0.01110260698045700218413755206,0.01110261,1.11026100,83,153
24,571000,0.01094414963187668032298736306,0.01094415,1.09441500,83,153
24,572000,0.01091351637071089609480975983,0.01091352,1.09135200,83,684
24,573000,0.008805892214099131726525288555,0.01068878,1.06887800,83,366
24,574000,0.009017866747239679936254859635,0.01068877,1.06887700,83,583
24,575000,0.01068874663602860664330435926,0.01068876,1.06887600,83,366
24,576000,0.01068874663602860664330435926,0.01068875,1.06887500,83,366
24,577000,0.01046261117410494958785925132,0.01054689,1.05468900,83,363
24,578000,0.00921231263241082455728697001,0.01054688,1.05468800,83,202
24,579000,0.009217251903771400792543410185,0.01054687,1.05468700,83,579
24,580000,0.00893640492579467831666892823,0.01054686,1.05468600,83,858
24,581000,0.009278411660740046482470665275,0.01054685,1.05468500,83,45
24,582000,0.01054682652593376990302520636,0.01054684,1.05468400,83,36
24,583000,0.01054682652593376990302520636,0.01054683,1.05468300,83,36
24,584000,0.00883832529366544830348977856,0.00968123,0.96812300,83,425
24,585000,0.008850356561312525055758918945,0.00968122,0.96812200,83,520
24,586000,0.00905179073743958715729429142,0.00968121,0.96812100,83,740
24,587000,0.00889154987170273978186600154,0.00968120,0.96812000,83,740
24,588000,0.00889154987170273978186600154,0.00968119,0.96811900,83,740
24,589000,0.00876461005791141600770974198,0.00968118,0.96811800,83,879
24,590000,0.008837928805491756696043626685,0.00968117,0.96811700,83,310
24,591000,0.00902933837709285006134871120,0.00968116,0.96811600,83,77
24,592000,0.008695120976490911782121607155,0.00968115,0.96811500,83,77
24,593000,0.008695120976490911782121607155,0.00968114,0.96811400,83,77
24,594000,0.008683751888146280800950574505,0.00968113,0.96811300,83,286
24,595000,0.008647490058069484790411586575,0.00968112,0.96811200,83,298
24,596000,0.00886557078526514030227819596,0.00968111,0.96811100,83,363
24,597000,0.008717073451004050001474461375,0.00968110,0.96811000,83,363
24,598000,0.00843127907242039704926830661,0.00968109,0.96810900,83,979
24,599000,0.00853031552928594830145233269,0.00968108,0.96810800,83,363
24,600000,0.008566621333668305424600657305,0.00968107,0.96810700,83,841
24,601000,0.008723471981369370508141084115,0.00968106,0.96810600,83,858
24,602000,0.00883074221781199069520278382,0.00968105,0.96810500,83,45
24,603000,0.008469305798290434756547635465,0.00968104,0.96810400,83,453
24,604000,0.00835029511726554008111319949,0.00968103,0.96810300,83,858
24,605000,0.008413669018603932341333198375,0.00968102,0.96810200,83,45
24,606000,0.008329768965376862671605441625,0.00968101,0.96810100,83,858
24,607000,0.008342283151136111392465020485,0.00968100,0.96810000,83,740
24,608000,0.008251225535849458484897798615,0.00968099,0.96809900,83,615
24,609000,0.008287822822118989334039672015,0.00968098,0.96809800,83,872
24,610000,0.00825573294642938442342217099,0.00968097,0.96809700,83,150
24,611000,0.00837150767130635687642521980,0.00968096,0.96809600,83,153
24,612000,0.008378287763683421574669085335,0.00968095,0.96809500,83,184
24,613000,0.00841314527866546716904499429,0.00968094,0.96809400,83,77
24,614000,0.007671743391204494109786778745,0.00968093,0.96809300,83,734
24,615000,0.00776767600375375871704819199,0.00968092,0.96809200,83,734
24,616000,0.008389842163904479376080716215,0.00968091,0.96809100,83,734
24,617000,0.008282887334778657188241505965,0.00968090,0.96809000,83,286
24,618000,0.00829221742249257922425718328,0.00968089,0.96808900,83,298
24,619000,0.00829004544480269275168042679,0.00968088,0.96808800,83,328
24,620000,0.00813587876032629048142315606,0.00968087,0.96808700,83,421
24,621000,0.00797176007927617715995352814,0.00968086,0.96808600,83,593
24,622000,0.00852827874564033230020296574,0.00968085,0.96808500,83,62
24,623000,0.00816051570784633879553959478,0.00968084,0.96808400,83,421
24,624000,0.00786780168559399650610362127,0.00968083,0.96808300,83,453
24,625000,0.007806942060989914578773385365,0.00968082,0.96808200,83,150
24,626000,0.00856587589563799400522853418,0.00968081,0.96808100,83,513
24,627000,0.00787434054026454256183396876,0.00968080,0.96808000,83,684
24,628000,0.007562712888780001532934816635,0.00968079,0.96807900,83,684
24,629000,0.007889236449395207820524927855,0.00968078,0.96807800,83,684
24,630000,0.007889236449395207820524927855,0.00968077,0.96807700,83,684
24,631000,0.007945152053563669827119270285,0.00968076,0.96807600,83,740
24,632000,0.00796654616855159258231387984,0.00968075,0.96807500,83,710
24,633000,0.00847597165662215598337950894,0.00968074,0.96807400,83,734
24,634000,0.00795326573076458778040220856,0.00968073,0.96807300,83,710
24,635000,0.00839562408818991522626580149,0.00968072,0.96807200,83,298
24,636000,0.00835283089935369047202687609,0.00968071,0.96807100,83,328
24,637000,0.00800974119751484698468257863,0.00968070,0.96807000,83,36
24,638000,0.007930537833766351782665591515,0.00968069,0.96806900,83,36
24,639000,0.007610711052147623735373876955,0.00968068,0.96806800,83,36
24,640000,0.007914812165723930083114087265,0.00968067,0.96806700,83,36
24,641000,0.007742968942151234163070816445,0.00968066,0.96806600,83,453
24,642000,0.00761656078001505505155637461,0.00968065,0.96806500,83,520
24,643000,0.00756790201411534113179000580,0.00968064,0.96806400,83,153
24,644000,0.007695861810093129782003336015,0.00968063,0.96806300,83,359
24,645000,0.007841919697040641716044941735,0.00968062,0.96806200,83,740
24,646000,0.007841919697040641716044941735,0.00968061,0.96806100,83,740
24,647000,0.00744451009817203810221641434,0.00968060,0.96806000,83,740
24,648000,0.007802562922330791619579396375,0.00968059,0.96805900,83,740
24,649000,0.007601825718648983905324022425,0.00968058,0.96805800,83,614
24,650000,0.00753797078802419860133011890,0.00968057,0.96805700,83,614
24,651000,0.00770923699020725266018027681,0.00968056,0.96805600,83,421
24,652000,0.007849496143042315147756805335,0.00968055,0.96805500,83,172
24,653000,0.007391217506847528692979355665,0.00968054,0.96805400,83,659
24,654000,0.00850929131258631522000891337,0.00968053,0.96805300,83,905
24,655000,0.009041784996967015077839284285,0.00968052,0.96805200,83,905
24,656000,0.00890076764236728782078390248,0.00968051,0.96805100,83,905
24,657000,0.008900690894178496930345136445,0.00968050,0.96805000,83,905
24,658000,0.008588231501663942078852532555,0.00968049,0.96804900,83,905
24,659000,0.00844091690758259621714869151,0.00968048,0.96804800,83,905
24,660000,0.00815450057209083235465777656,0.00968047,0.96804700,83,905
24,661000,0.00813781099732823517349544567,0.00968046,0.96804600,83,905
24,662000,0.00837890299422320306763179256,0.00968045,0.96804500,83,940
24,663000,0.00892771340737985499865331040,0.00968044,0.96804400,83,940
24,664000,0.008780161734304896806317732485,0.00968043,0.96804300,83,940
24,665000,0.008752357639852026328331778825,0.00968042,0.96804200,82,940
24,666000,0.00880311052602387507342144401,0.00968041,0.96804100,81,297
24,667000,0.00908452252807043765836973244,0.00968040,0.96804000,82,971
24,668000,0.00896685817969731014300508099,0.00968039,0.96803900,82,971
24,669000,0.00907557656043665146437749344,0.00968038,0.96803800,81,971
24,670000,0.009283922060865245838446878265,0.00968037,0.96803700,81,872
24,671000,0.00906129551434957302189423455,0.00968036,0.96803600,81,160
24,672000,0.008977701907345602861139895555,0.00968035,0.96803500,81,872
24,673000,0.008880034276953209336024160915,0.00968034,0.96803400,80,394
24,674000,0.009202716774324659732468833485,0.00968033,0.96803300,80,561
24,675000,0.00913040284969190934035016716,0.00968032,0.96803200,80,90
24,676000,0.00905470177281522455367066750,0.00968031,0.96803100,80,506
24,677000,0.009104375740669971077489044045,0.00968030,0.96803000,79,172
24,678000,0.00893241429229100150914668560,0.00968029,0.96802900,78,9
24,679000,0.009000972426651573953844213245,0.00968028,0.96802800,77,172
24,680000,0.009198244785147085929905825315,0.00968027,0.96802700,75,643
24,681000,0.009466816173713266695875653245,0.00968026,0.96802600,75,643
24,682000,0.00943976115492249940409189072,0.00968025,0.96802500,73,643
24,683000,0.00904146245240518532925794511,0.00968024,0.96802400,73,614
24,684000,0.00922264850135406508763310051,0.00968023,0.96802300,71,642
24,685000,0.009548924474569856789161502445,0.00968022,0.96802200,70,642
24,686000,0.009200076102704050494757670225,0.00968021,0.96802100,67,359
24,687000,0.009478965447889256465237649465,0.00968020,0.96802000,67,153
24,688000,0.009680185502782035821954054225,0.00968019,0.96801900,66,153
24,689000,0.009652814207968538660948081785,0.00965282,0.96528200,62,153
24,690000,0.00960874677326015249635320098,0.00960875,0.96087500,60,137
24,691000,0.00957791462523848117620957617,0.00959415,0.95941500,56,137
24,692000,0.009231827032894860267992342095,0.00959414,0.95941400,54,366
24,693000,0.00945701533451573716037464679,0.00959413,0.95941300,50,366
24,694000,0.009429628518734423433854231785,0.00959412,0.95941200,48,366
24,695000,0.009126715229886994865686509535,0.00959411,0.95941100,46,710
24,696000,0.009142536766786120828486531585,0.00959410,0.95941000,40,363
24,697000,0.00902854098051029337943295445,0.00959409,0.95940900,39,298
24,698000,0.00897896479645950706127373529,0.00959408,0.95940800,37,328
24,699000,0.00912813919393135111256908460,0.00959407,0.95940700,32,202
24,700000,0.00895839310239823591599494144,0.00959406,0.95940600,27,807
24,701000,0.009125736322053637536313288555,0.00959405,0.95940500,27,545
24,702000,0.00915104664129800336396741195,0.00959404,0.95940400,24,545
24,703000,0.00948003152987615401509507129,0.00959403,0.95940300,21,545
24,704000,0.00959401976599968753562214888,0.00959402,0.95940200,21,45
24,705000,0.00956543448613067792605025841,0.00956544,0.95654400,15,45
24,706000,0.008778284756872620359001407475,0.00927187,0.92718700,14,425
24,707000,0.00875045320885533264853700013,0.00927186,0.92718600,11,425
24,708000,0.00859834649275693363811763017,0.00927185,0.92718500,11,740
24,709000,0.008575507605894485877716532365,0.00927184,0.92718400,10,740
24,710000,0.00888707774454721871247768152,0.00927183,0.92718300,9,740
24,711000,0.008858578999020551074058345935,0.00927182,0.92718200,8,740
24,712000,0.00921513562745160575589433833,0.00927181,0.92718100,9,740
24,713000,0.00808749120309653458221855864,0.00927180,0.92718000,6,740
24,714000,0.008444253447742270907611763865,0.00927179,0.92717900,5,77
24,715000,0.00902537236416747854760170019,0.00927178,0.92717800,4,77
24,716000,0.00895601368868870860336336233,0.00927177,0.92717700,3,77
24,717000,0.009271755207893066720305596655,0.00927176,0.92717600,3,77
24,718000,0.00708937107700126953387336434,0.00831733,0.83173300,2,858
24,719000,0.008317312894904511915986652015,0.00831732,0.83173200,2,77
24,720000,0.008125540633596043249727659325,0.00812555,0.81255500,2,77
24,721000,0.007739195947760016663189576475,0.00773920,0.77392000,1,77
24,722000,0.007725526068934301127047161655,0.00772553,0.77255300,1,77
24,723000,0.005239226814462821698977774495,0.00721814,0.72181400,1,77
24,724000,0.00513102896555373323176851012,0.00721813,0.72181300,1,77
24,725000,0.005251866889814161510699323365,0.00721812,0.72181200,1,77
24,726000,0.00681713101732250148592223494,0.00721811,0.72181100,1,77
24,727000,0.00681713101732250148592223494,0.00721810,0.72181000,1,77
24,728000,0.00721808651889463107490098612,0.00721809,0.72180900,1,77
25,351000,0.01788439631407426648430036004,0.03150012,3.15001200,1,25
25,352000,0.01788178957583865642457590147,0.03150011,3.15001100,1,25
25,353000,0.01785120584016647524005302978,0.03150010,3.15001000,1,25
25,354000,0.01774628664176520564604199198,0.03150009,3.15000900,1,25
25,355000,0.01409096386740110877346461091,0.03150008,3.15000800,1,25
25,356000,0.01777932535016701837814993698,0.03150007,3.15000700,3,957
25,357000,0.01770891778896829383475794306,0.03150006,3.15000600,3,957
25,358000,0.01769344504189940556436022236,0.03150005,3.15000500,4,957
25,359000,0.01894949731387525773671056598,0.03150004,3.15000400,5,220
25,360000,0.01890132043402435814540139718,0.03150003,3.15000300,6,220
25,361000,0.01884795588957122428161457507,0.03150002,3.15000200,6,220
25,362000,0.01883485294170341198003371239,0.03150001,3.15000100,7,220
25,363000,0.01881819116644592342803200318,0.03150000,3.15000000,8,220
25,364000,0.01731142439100835883904691026,0.03149999,3.14999900,9,330
25,365000,0.01819358395270918199230697032,0.03149998,3.14999800,12,41
25,366000,0.01817893170844326104233984022,0.03149997,3.14999700,17,41
25,367000,0.01870108483347455237126264098,0.03149996,3.14999600,21,856
25,368000,0.01990635139374793051798190428,0.03149995,3.14999500,22,193
25,369000,0.02721100856392427979108337303,0.03149994,3.14999400,28,912
25,370000,0.02718990733716629941133800814,0.03149993,3.14999300,30,912
25,371000,0.01916046072608341028558120364,0.03149992,3.14999200,32,397
25,372000,0.01945955532065452471294218692,0.03149991,3.14999100,39,795
25,373000,0.02635739747355591598152880718,0.03149990,3.14999000,42,768
25,374000,0.02696061526723482174493250089,0.03149989,3.14998900,45,768
25,375000,0.02695642038606835641278535756,0.03149988,3.14998800,50,768
25,376000,0.02703996271213164610785569700,0.03149987,3.14998700,58,319
25,377000,0.02701985598830056198849571816,0.03149986,3.14998600,61,319
25,378000,0.02676257704944818689587085526,0.03149985,3.14998500,66,768
25,379000,0.01972851867457003995018429108,0.03149984,3.14998400,73,717
25,380000,0.02808412537114535058534376086,0.03149983,3.14998300,78,185
25,381000,0.01976272335932548618302103414,0.03149982,3.14998200,80,331
25,382000,0.02830532487387560205353296496,0.03149981,3.14998100,88,218
25,383000,0.02828233838281812904029740570,0.03149980,3.14998000,94,218
25,384000,0.02828233838281812904029740570,0.03149979,3.14997900,101,218
25,385000,0.02668995242037891662198131393,0.03149978,3.14997800,112,936
25,386000,0.02667398516616962580136126326,0.03149977,3.14997700,124,936
25,387000,0.02664986504919774860301482181,0.03149976,3.14997600,134,936
25,388000,0.01878274145153239218047071106,0.03149975,3.14997500,146,131
25,389000,0.01996481515720157528901550004,0.03149974,3.14997400,157,959
25,390000,0.01890179869260911779063596672,0.03149973,3.14997300,169,75
25,391000,0.01897251808299055203720180942,0.03149972,3.14997200,182,333
25,392000,0.02707749713734998833421737324,0.03149971,3.14997100,199,471
25,393000,0.01920187806758555852336792499,0.03149970,3.14997000,212,567
25,394000,0.01785097305598967632991843314,0.03149969,3.14996900,217,551
25,395000,0.02552845255872994187195356758,0.03149968,3.14996800,240,447
25,396000,0.02552845255872994187195356758,0.03149967,3.14996700,253,447
25,397000,0.02607325903792220938315798784,0.03149966,3.14996600,263,447
25,398000,0.02558895424835102010571284989,0.03149965,3.14996500,281,859
25,399000,0.02541144255872366405374022106,0.03149964,3.14996400,299,918
25,400000,0.02533228186443762665809989492,0.03149963,3.14996300,317,918
25,401000,0.02531603113151528589254068954,0.03149962,3.14996200,335,918
25,402000,0.02463597898472483492080376880,0.03149961,3.14996100,354,383
25,403000,0.02460001727995580902016610273,0.03149960,3.14996000,372,383
25,404000,0.02458696120671874795848641305,0.03149959,3.14995900,398,383
25,405000,0.01767282391506355253627130690,0.03149958,3.14995800,421,925
25,406000,0.01734622766711623397480208246,0.03149957,3.14995700,443,282
25,407000,0.01744507374017214771923887386,0.03149956,3.14995600,468,960
25,408000,0.01742262499272861200121936894,0.03149955,3.14995500,492,960
25,409000,0.01779574262652816443522712792,0.03149954,3.14995400,513,395
25,410000,0.02392398734889542043046770063,0.03149953,3.14995300,526,854
25,411000,0.01813617564077809617083469754,0.03149952,3.14995200,539,849
25,412000,0.01766899955324017477662565855,0.03149951,3.14995100,555,889
25,413000,0.01758893754255069137810102122,0.03149950,3.14995000,566,368
25,414000,0.01785295867065654016838020750,0.03149949,3.14994900,588,444
25,415000,0.01711391867713048480364707242,0.03149948,3.14994800,607,780
25,416000,0.01741872937578104944422134532,0.03149947,3.14994700,627,82
25,417000,0.01753164021163701811011971500,0.03149946,3.14994600,642,892
25,418000,0.01781459192604856042044205198,0.03149945,3.14994500,656,534
25,419000,0.01762514917052170808432122390,0.03149944,3.14994400,675,725
25,420000,0.01762464142527832337757386818,0.03149943,3.14994300,694,819
25,421000,0.01780835317134157935744241510,0.03149942,3.14994200,708,450
25,422000,0.01750522101022872377940584884,0.03149941,3.14994100,723,437
25,423000,0.01747849640470137292475177536,0.03149940,3.14994000,738,437
25,424000,0.01739799185250131759498046358,0.03149939,3.14993900,747,486
25,425000,0.01732290519753864809706035184,0.03149938,3.14993800,756,776
25,426000,0.01756914353535228541401816130,0.03149937,3.14993700,764,250
25,427000,0.01537214568466790949229948476,0.03149936,3.14993600,774,336
25,428000,0.01535942757883347311688272623,0.03149935,3.14993500,773,336
25,429000,0.01523353125816983377696689057,0.03149934,3.14993400,779,644
25,430000,0.01733271750168379677721055588,0.03149933,3.14993300,788,174
25,431000,0.01519695892105844919064903984,0.03149932,3.14993200,784,644
25,432000,0.02259474402412696075170478734,0.03149931,3.14993100,779,515
25,433000,0.02243633631571477194829897706,0.03149930,3.14993000,782,515
25,434000,0.02238401286967086069796757906,0.03149929,3.14992900,773,515
25,435000,0.01524210959709456295547025414,0.03149928,3.14992800,765,222
25,436000,0.01521637517655595650971771616,0.03149927,3.14992700,760,381
25,437000,0.01521637517655595650971771616,0.03149926,3.14992600,753,381
25,438000,0.01431822217435215610219652553,0.03149925,3.14992500,747,636
25,439000,0.01508385026568432656806671692,0.03149924,3.14992400,746,156
25,440000,0.01474267124621343881085209901,0.03149923,3.14992300,735,699
25,441000,0.01497234647800242612990409719,0.03149922,3.14992200,727,699
25,442000,0.01487399750375070610889497782,0.03149921,3.14992100,719,699
25,443000,0.01442154725258216797231019423,0.03149920,3.14992000,708,711
25,444000,0.01453692487640999996451708452,0.03149919,3.14991900,703,274
25,445000,0.01487186629123786026788342756,0.03149918,3.14991800,695,967
25,446000,0.01488871000920181282324110577,0.03149917,3.14991700,687,967
25,447000,0.01488871000920181282324110577,0.03149916,3.14991600,675,967
25,448000,0.01456476822134659952149036527,0.03149915,3.14991500,666,645
25,449000,0.01474172946490859882683647096,0.03149914,3.14991400,651,921
25,450000,0.01473245965153989804447785986,0.03149913,3.14991300,643,493
25,451000,0.01419934112271873104673161794,0.03149912,3.14991200,633,919
25,452000,0.01460476732080760963422639013,0.03149911,3.14991100,621,444
25,453000,0.01434758169239862110163237102,0.03149910,3.14991000,614,784
25,454000,0.01420599912237935990445028766,0.03149909,3.14990900,605,108
25,455000,0.01460214251488621466480764268,0.03149908,3.14990800,596,543
25,456000,0.01437991329198542210605688266,0.03149907,3.14990700,591,367
25,457000,0.01457043657745706494725031529,0.03149906,3.14990600,586,424
25,458000,0.01436956214756612127528354135,0.03149905,3.14990500,578,664
25,459000,0.01462194250714636007102414890,0.03149904,3.14990400,573,828
25,460000,0.01441441959883544469947652604,0.03149903,3.14990300,567,861
25,461000,0.01432686423327201707525089918,0.03149902,3.14990200,561,838
25,462000,0.01436470606826115325580127027,0.03149901,3.14990100,556,204
25,463000,0.01444981140101302125907246214,0.03149900,3.14990000,551,429
25,464000,0.01408736127822551412673667706,0.03149899,3.14989900,543,897
25,465000,0.01415217601447955116678356299,0.03149898,3.14989800,535,210
25,466000,0.01380994955966048907927742111,0.03149897,3.14989700,534,837
25,467000,0.01350449581778793150695049410,0.03149896,3.14989600,530,89
25,468000,0.01387927276438727779927810916,0.03149895,3.14989500,524,917
25,469000,0.01025056486934891599775804844,0.03149894,3.14989400,522,21
25,470000,0.01238887424755410017230570067,0.03149893,3.14989300,519,28
25,471000,0.01334618369644875484013035926,0.03149892,3.14989200,515,28
25,472000,0.01407571160719517090713503638,0.03149891,3.14989100,511,28
25,473000,0.01394389956044231257172380545,0.03149890,3.14989000,503,457
25,474000,0.01417651693089963116972244208,0.03149889,3.14988900,499,433
25,475000,0.01105428764616536911028631320,0.03149888,3.14988800,496,856
25,476000,0.01201689077507923595959246569,0.03149887,3.14988700,492,856
25,477000,0.01067233987697575559169484814,0.03149886,3.14988600,489,931
25,478000,0.01081074649206856148175182564,0.03149885,3.14988500,488,494
25,479000,0.01099177735076073673490993333,0.03149884,3.14988400,488,839
25,480000,0.01096005990041219341798939567,0.03149883,3.14988300,485,839
25,481000,0.01239362931232153671663834734,0.03149882,3.14988200,484,839
25,482000,0.01075995056098116798041157174,0.03149881,3.14988100,481,678
25,483000,0.01087708649230800528464349505,0.03149880,3.14988000,479,989
25,484000,0.01113779388810557624331367588,0.03149879,3.14987900,479,25
25,485000,0.01186576414971060080537643402,0.03149878,3.14987800,477,989
25,486000,0.01269852810491243316248341014,0.03149877,3.14987700,476,55
25,487000,0.01272052730886291292799592530,0.03149876,3.14987600,475,25
25,488000,0.01248073480524031254620747863,0.03149875,3.14987500,475,654
25,489000,0.01271670634047964645632877754,0.03149874,3.14987400,475,600
25,490000,0.01246399648886270661278260976,0.03149873,3.14987300,474,760
25,491000,0.01276937983860045785441565623,0.03149872,3.14987200,474,416
25,492000,0.01274724995388414294826833442,0.03149871,3.14987100,472,636
25,493000,0.01273241230795330603914367884,0.03149870,3.14987000,472,854
25,494000,0.01263456513017863411682755635,0.03149869,3.14986900,472,312
25,495000,0.01298193994829450487431975990,0.03149868,3.14986800,471,519
25,496000,0.01283244094561890424502996126,0.03149867,3.14986700,471,507
25,497000,0.01269617298730133851805160851,0.03149866,3.14986600,471,745
25,498000,0.01276372928181663015845701688,0.03149865,3.14986500,471,377
25,499000,0.01293802383989347126193500730,0.03149864,3.14986400,471,677
25,500000,0.01280178622583029269815048896,0.03149863,3.14986300,471,866
25,501000,0.01326212606867467717497598770,0.03149862,3.14986200,471,16
25,502000,0.01277066536844564541699878546,0.03149861,3.14986100,471,451
25,503000,0.01305003070629548370661263678,0.03149860,3.14986000,471,630
25,504000,0.01279919095626513625020102672,0.03149859,3.14985900,471,673
25,505000,0.01307969630389841795069542584,0.03149858,3.14985800,471,95
25,506000,0.01281118368631998376401676492,0.03149857,3.14985700,470,703
25,507000,0.01312337389336701938212869113,0.03149856,3.14985600,470,494
25,508000,0.01290379003081660486544082467,0.03149855,3.14985500,470,846
25,509000,0.01306919333480233484339528292,0.03149854,3.14985400,470,289
25,510000,0.01290050072423536350515318880,0.03149853,3.14985300,470,339
25,511000,0.01292033049666363564664237744,0.03149852,3.14985200,470,970
25,512000,0.01300963029850216975627576608,0.03149851,3.14985100,470,319
25,513000,0.01296362180433777342310623959,0.03149850,3.14985000,470,257
25,514000,0.01280323466885361606455330274,0.03149849,3.14984900,470,877
25,515000,0.01296403705905054501651746805,0.03149848,3.14984800,470,423
25,516000,0.01291646637861254703163927310,0.03149847,3.14984700,470,343
25,517000,0.01290686242858713921804379998,0.03149846,3.14984600,470,861
25,518000,0.01304947534936101468218780617,0.03149845,3.14984500,470,838
25,519000,0.01280928068211960142368082116,0.03149844,3.14984400,470,252
25,520000,0.01273237965080309456139539432,0.03149843,3.14984300,470,429
25,521000,0.01263865241366620218097427866,0.03149842,3.14984200,470,897
25,522000,0.01270104592784433517123362638,0.03149841,3.14984100,470,210
25,523000,0.01257921389060190780859187700,0.03149840,3.14984000,470,995
25,524000,0.01086363292849970989300589922,0.03149839,3.14983900,470,917
25,525000,0.01240405180537195862996169727,0.03149838,3.14983800,470,917
25,526000,0.01024734049304181150253407450,0.03149837,3.14983700,470,917
25,527000,0.01031396847031937155971025630,0.03149836,3.14983600,470,917
25,528000,0.01124207091243405973386098678,0.03149835,3.14983500,470,28
25,529000,0.01108658280143971012068038270,0.03149834,3.14983400,470,28
25,530000,0.01141828755699935417264074499,0.03149833,3.14983300,470,433
25,531000,0.01126385494705689186502747470,0.03149832,3.14983200,470,433
25,532000,0.01277430242210904175896137085,0.03149831,3.14983100,470,433
25,533000,0.01290022726707068343118400024,0.03149830,3.14983000,470,433
25,534000,0.01039235811043116440663475606,0.03149829,3.14982900,470,433
25,535000,0.009518304333934853575715718385,0.03149828,3.14982800,470,983
25,536000,0.009662054994073721991272569065,0.03149827,3.14982700,470,95
25,537000,0.00957461766192930145716916228,0.03149826,3.14982600,470,95
25,538000,0.009543227588430075171901798635,0.03149825,3.14982500,470,95
25,539000,0.00954720177717259975289888666,0.03149824,3.14982400,470,984
25,540000,0.009526948904323977362354464555,0.03149823,3.14982300,470,871
25,541000,0.009532172394421746716878285295,0.03149822,3.14982200,470,289
25,542000,0.00951719707442337406147392876,0.03149821,3.14982100,470,253
25,543000,0.009615687852399614942805884845,0.03149820,3.14982000,470,678
25,544000,0.00952775860447170596427508562,0.03149819,3.14981900,470,660
25,545000,0.009520042798444291201242233125,0.03149818,3.14981800,470,3
25,546000,0.009534239716377046891843229275,0.03149817,3.14981700,470,388
25,547000,0.009494961099918403128452649765,0.03149816,3.14981600,470,664
25,548000,0.00952832295434328870670191117,0.03149815,3.14981500,470,490
25,549000,0.009490901685599861113714152015,0.03149814,3.14981400,470,724
25,550000,0.009492779777723516385744462405,0.03149813,3.14981300,470,204
25,551000,0.00952126454315254901532379486,0.03149812,3.14981200,470,204
25,552000,0.009454213892131869983073996205,0.03149811,3.14981100,470,247
25,553000,0.009407924342338598775945866695,0.03149810,3.14981000,470,551
25,554000,0.009413226256812497571858502125,0.03149809,3.14980900,470,551
25,555000,0.009312088935571793737566472855,0.03149808,3.14980800,470,210
25,556000,0.01062410220191214910438576925,0.03149807,3.14980700,470,439
25,557000,0.009295831627725683396924254365,0.03149806,3.14980600,470,917
25,558000,0.01058728898977361253247956078,0.03149805,3.14980500,470,448
25,559000,0.01056616053045833375587413010,0.03149804,3.14980400,470,647
25,560000,0.01003238518067540765308328230,0.03149803,3.14980300,470,343
25,561000,0.01070441006558708358456093736,0.03149802,3.14980200,470,7
25,562000,0.01077968853586403106535587362,0.03149801,3.14980100,470,727
25,563000,0.01039371989221886856955426938,0.03149800,3.14980000,470,283
25,564000,0.01035881317128330937032748948,0.03149799,3.14979900,470,149
25,565000,0.01086270620076477248689910218,0.03149798,3.14979800,470,957
25,566000,0.01085101015476302009489673846,0.03149797,3.14979700,470,514
25,567000,0.01058423671029673418926087808,0.03149796,3.14979600,470,779
25,568000,0.01068708959954856779738272596,0.03149795,3.14979500,470,2
25,569000,0.01050987135897093041067281828,0.03149794,3.14979400,470,2
25,570000,0.01085886766841041425354746330,0.03149793,3.14979300,470,982
25,571000,0.01077310881328100649502392008,0.03149792,3.14979200,470,475
25,572000,0.01115999612932542135648775358,0.03149791,3.14979100,470,746
25,573000,0.01080588415310855137993464819,0.03149790,3.14979000,470,719
25,574000,0.01092747085867173040560733480,0.03149789,3.14978900,470,368
25,575000,0.01109616188127727851805348049,0.03149788,3.14978800,470,444
25,576000,0.01080439305656180628291772947,0.03149787,3.14978700,470,984
25,577000,0.01081023904965841848601760986,0.03149786,3.14978600,470,671
25,578000,0.01060620483744346054011858710,0.03149785,3.14978500,470,747
25,579000,0.01095568774580579956611381644,0.03149784,3.14978400,470,892
25,580000,0.01096381012414548966870614230,0.03149783,3.14978300,470,176
25,581000,0.01081635770924633354435903426,0.03149782,3.14978200,470,880
25,582000,0.01090548365415223706104962304,0.03149781,3.14978100,470,424
25,583000,0.01097328660588645452443530782,0.03149780,3.14978000,470,479
25,584000,0.01080657284625160531694934654,0.03149779,3.14977900,470,479
25,585000,0.01067861381205849877094085594,0.03149778,3.14977800,470,450
25,586000,0.01080134389447316144755812989,0.03149777,3.14977700,470,79
25,587000,0.01071145137934439866136191150,0.03149776,3.14977600,470,535
25,588000,0.01071145137934439866136191150,0.03149775,3.14977500,470,535
25,589000,0.01055254390082707746170852550,0.03149774,3.14977400,470,572
25,590000,0.01092478939228554637058812260,0.03149773,3.14977300,470,897
25,591000,0.01070214731862759296573625875,0.03149772,3.14977200,470,709
25,592000,0.01036572174282727438611599280,0.03149771,3.14977100,470,191
25,593000,0.01068329753337509933718109432,0.03149770,3.14977000,470,995
25,594000,0.008842635826757911954027241985,0.03149769,3.14976900,470,49
25,595000,0.00874269591742922589715840328,0.03149768,3.14976800,470,844
25,596000,0.01045589860248759641441332699,0.03149767,3.14976700,470,917
25,597000,0.00883311291163394012564528522,0.03149766,3.14976600,470,197
25,598000,0.00882392169312742522428504018,0.03149765,3.14976500,470,176
25,599000,0.00891011806593443803382482994,0.03149764,3.14976400,470,28
25,600000,0.00891011806593443803382482994,0.03149763,3.14976300,470,28
25,601000,0.00915861384869773895041753097,0.03149762,3.14976200,470,433
25,602000,0.008839767589638847241453397955,0.03149761,3.14976100,470,433
25,603000,0.008839767589638847241453397955,0.03149760,3.14976000,470,433
25,604000,0.00871824892909854062431015207,0.03149759,3.14975900,470,967
25,605000,0.008847683957390667996778485935,0.03149758,3.14975800,470,396
25,606000,0.008604226536321511516248872115,0.03149757,3.14975700,470,415
25,607000,0.008603095978479438918331718015,0.03149756,3.14975600,470,945
25,608000,0.00872542483106805269344243356,0.03149755,3.14975500,470,986
25,609000,0.008606501497573938434793580105,0.03149754,3.14975400,470,187
25,610000,0.00877135096393768704990894758,0.03149753,3.14975300,470,412
25,611000,0.008746656327727291947758966735,0.03149752,3.14975200,470,412
25,612000,0.008491633537473766483981270715,0.03149751,3.14975100,470,413
25,613000,0.008552445501434026098962221925,0.03149750,3.14975000,470,412
25,614000,0.00842001542563979334998602091,0.03149749,3.14974900,470,917
25,615000,0.00826777101813526725997649381,0.03149748,3.14974800,470,412
25,616000,0.008438553465793751440254496585,0.03149747,3.14974700,470,984
25,617000,0.008461452251020387225555309735,0.03149746,3.14974600,470,49
25,618000,0.00843005140305061475543491424,0.03149745,3.14974500,470,143
25,619000,0.008351821030177771112881251305,0.03149744,3.14974400,470,28
25,620000,0.00861112255326369206750723606,0.03149743,3.14974300,470,28
25,621000,0.008453378893086552387559483095,0.03149742,3.14974200,470,698
25,622000,0.00826042898121945540934390062,0.03149741,3.14974100,470,111
25,623000,0.008165155476467641040863138875,0.03149740,3.14974000,470,13
25,624000,0.00825363087250739742266302043,0.03149739,3.14973900,470,151
25,625000,0.008202620789730910617075290775,0.03149738,3.14973800,470,381
25,626000,0.00838937693168791915760481685,0.03149737,3.14973700,470,360
25,627000,0.008338820650692417365021012555,0.03149736,3.14973600,470,814
25,628000,0.008209120589059320743707290775,0.03149735,3.14973500,470,79
25,629000,0.008198746334688569763310662305,0.03149734,3.14973400,470,95
25,630000,0.00820455446338795296082258012,0.03149733,3.14973300,470,932
25,631000,0.00819982544246470399162142741,0.03149732,3.14973200,470,273
25,632000,0.008044178358920037710602593865,0.03149731,3.14973100,470,289
25,633000,0.008060839714393207591579180105,0.03149730,3.14973000,470,339
25,634000,0.00815947584387173386223377526,0.03149729,3.14972900,470,678
25,635000,0.00815529683229447502202294391,0.03149728,3.14972800,470,698
25,636000,0.00810573156193020660058661082,0.03149727,3.14972700,470,880
25,637000,0.008198845153546164911390829045,0.03149726,3.14972600,470,877
25,638000,0.008039924016504187620089428095,0.03149725,3.14972500,470,698
25,639000,0.00804085692007570044182996051,0.03149724,3.14972400,470,354
25,640000,0.008208217514333765334557045455,0.03149723,3.14972300,470,490
25,641000,0.008170291774097452267474231725,0.03149722,3.14972200,470,724
25,642000,0.00809414079836972693176102128,0.03149721,3.14972100,470,535
25,643000,0.00812318613918875871624208909,0.03149720,3.14972000,470,814
25,644000,0.008014118551366479439679675195,0.03149719,3.14971900,470,490
25,645000,0.00813706460206004057106635171,0.03149718,3.14971800,470,247
25,646000,0.007962700673825751295379995285,0.03149717,3.14971700,470,429
25,647000,0.007947510772478994184464998225,0.03149716,3.14971600,470,903
25,648000,0.007914307312959131120702391605,0.03149715,3.14971500,470,252
25,649000,0.007907422972601358004873332775,0.03149714,3.14971400,470,429
25,650000,0.008620171550370742740463319705,0.03149713,3.14971300,470,856
25,651000,0.009093232610378824605292004685,0.03149712,3.14971200,470,856
25,652000,0.008946405097317641825345935485,0.03149711,3.14971100,470,856
25,653000,0.008919034353876971122637844075,0.03149710,3.14971000,470,856
25,654000,0.008387181857545664962787964485,0.03149709,3.14970900,470,856
25,655000,0.008246713043886421073626460675,0.03149708,3.14970800,470,856
25,656000,0.007947685643735225800575201945,0.03149707,3.14970700,470,856
25,657000,0.00837353145455454438596599371,0.03149706,3.14970600,470,839
25,658000,0.008939773604130176355189492315,0.03149705,3.14970500,470,839
25,659000,0.008799628939438308303069182885,0.03149704,3.14970400,470,839
25,660000,0.00876862726783547037830945818,0.03149703,3.14970300,470,839
25,661000,0.00834652559505726641730016009,0.03149702,3.14970200,470,839
25,662000,0.007977589692378244928477861925,0.03149701,3.14970100,470,839
25,663000,0.008483412104389951929050491015,0.03149700,3.14970000,469,989
25,664000,0.00890399672954315021753153069,0.03149699,3.14969900,469,989
25,665000,0.008874153614788430953991237255,0.03149698,3.14969800,468,989
25,666000,0.009205819758738355103938921495,0.03149697,3.14969700,468,654
25,667000,0.00946792883990329409219071618,0.03149696,3.14969600,468,654
25,668000,0.009439827004465644693064113785,0.03149695,3.14969500,467,654
25,669000,0.009040088433301913088778228355,0.03149694,3.14969400,463,600
25,670000,0.00931899245501703537037655256,0.03149693,3.14969300,461,416
25,671000,0.00930753801147720479004854694,0.03149692,3.14969200,457,648
25,672000,0.00925355428210792985343017711,0.03149691,3.14969100,457,386
25,673000,0.009165636848635202971714021395,0.03149690,3.14969000,456,403
25,674000,0.009250127446177279667529930175,0.03149689,3.14968900,454,798
25,675000,0.00906402816463136263093336023,0.03149688,3.14968800,446,798
25,676000,0.009191243587920143875574427685,0.03149687,3.14968700,443,806
25,677000,0.009445246060642328622076733995,0.03149686,3.14968600,436,497
25,678000,0.00969441146276964098287901802,0.03149685,3.14968500,434,727
25,679000,0.00965598936600942381036500289,0.03149684,3.14968400,431,497
25,680000,0.009194101283799355785668968505,0.03149683,3.14968300,425,192
25,681000,0.00917983719073786589941347554,0.03149682,3.14968200,412,521
25,682000,0.009473345558670856504732580645,0.03149681,3.14968100,407,514
25,683000,0.009700272372511456789900877255,0.03149680,3.14968000,400,514
25,684000,0.00967218137807571324474032413,0.03149679,3.14967900,391,514
25,685000,0.009273726286194471344348180765,0.03149678,3.14967800,379,451
25,686000,0.00936340014105082913773552604,0.03149677,3.14967700,369,69
25,687000,0.00959908928614605399038777556,0.03149676,3.14967600,363,69
25,688000,0.00956947839130642783180323244,0.03149675,3.14967500,346,69
25,689000,0.00935459694088017665634080225,0.03149674,3.14967400,330,179
25,690000,0.009173691853235827078054510975,0.03149673,3.14967300,327,585
25,691000,0.009339087624700943021838393775,0.03149672,3.14967200,312,700
25,692000,0.009575195200361119300512548465,0.03149671,3.14967100,298,700
25,693000,0.009500537990528857850404510835,0.03149670,3.14967000,285,407
25,694000,0.00947051560133579713550998137,0.03149669,3.14966900,271,407
25,695000,0.00925519916817437313902220462,0.03149668,3.14966800,256,844
25,696000,0.009220708613537606372085857775,0.03149667,3.14966700,239,108
25,697000,0.03148682350544174075760491435,0.03149666,3.14966600,230,575
25,698000,0.03149664697226216116593546167,0.03149665,3.14966500,219,575
25,699000,0.009611210911169302416762980165,0.00961122,0.96112200,205,456
25,700000,0.009581977057089526753311312485,0.00959812,0.95981200,191,456
25,701000,0.009598106005003054219510169815,0.00959811,0.95981100,172,257
25,702000,0.00959566729791854736480138964,0.00959567,0.95956700,161,563
25,703000,0.00956726132820577985596879764,0.00956727,0.95672700,153,563
25,704000,0.00953601277929010227790930516,0.00953602,0.95360200,142,909
25,705000,0.009524421532948893058212948485,0.00952443,0.95244300,125,479
25,706000,0.00944567172438117230427918143,0.00950939,0.95093900,113,967
25,707000,0.00945842744304359056800845846,0.00950938,0.95093800,110,814
25,708000,0.009509361277167967366116310395,0.00950937,0.95093700,98,535
25,709000,0.009501773120011776614106759385,0.00950178,0.95017800,84,396
25,710000,0.00934820267072462742499199450,0.00945773,0.94577300,66,572
25,711000,0.00915122024190217618669882751,0.00945772,0.94577200,54,161
25,712000,0.00945770306626712571868661643,0.00945771,0.94577100,48,161
25,713000,0.009319211244970431648522354615,0.00944083,0.94408300,37,187
25,714000,0.00913307439705999625664683946,0.00944082,0.94408200,30,995
25,715000,0.009344822447180044072543022585,0.00944081,0.94408100,26,191
25,716000,0.00897796424469683643619095919,0.00944080,0.94408000,19,995
25,717000,0.00913709919550842840473555617,0.00944079,0.94407900,14,917
25,718000,0.009381389489787092214107807455,0.00944078,0.94407800,12,917
25,719000,0.009354991818510997909098116755,0.00944077,0.94407700,12,917
25,720000,0.00801734567313589456803783395,0.00944076,0.94407600,8,417
25,721000,0.00808032641655531638534663014,0.00944075,0.94407500,8,917
25,722000,0.007954620694176048522205968605,0.00944074,0.94407400,7,917
25,723000,0.008650983504397249109653401825,0.00944073,0.94407300,3,28
25,724000,0.009223741172874097382949998255,0.00944072,0.94407200,2,28
25,725000,0.00944070596940490802403707596,0.00944071,0.94407100,2,28
25,726000,0.00941228100083325555943781361,0.00941229,0.94122900,2,28
25,727000,0.008977481465881522852350451415,0.00897749,0.89774900,2,433
25,728000,0.00885736523895551196756167693,0.00885737,0.88573700,2,433
25,729000,0.00789475431804962098392585523,0.00789476,0.78947600,1,28
25,730000,0.007790262049880530220300676165,0.00779027,0.77902700,1,28
26,416000,0.00852715860676756607371742832,0.02571534,2.57153400,1,559
26,417000,0.007880990524455205774833941555,0.02571533,2.57153300,1,559
26,418000,0.00938488842861505341224659841,0.02571532,2.57153200,1,559
26,419000,0.009665746003882492642389408225,0.02571531,2.57153100,1,559
26,420000,0.01153180580293928872626073494,0.02571530,2.57153000,2,42
26,421000,0.01023822303498949329938512138,0.02571529,2.57152900,2,42
26,422000,0.01273214847118439084717966790,0.02571528,2.57152800,4,508
26,423000,0.01302699241327217039689157528,0.02571527,2.57152700,6,737
26,424000,0.01477391258015140030970744026,0.02571526,2.57152600,10,737
26,425000,0.01287249032331479219684127363,0.02571525,2.57152500,14,987
26,426000,0.01449624573959494227348054244,0.02571524,2.57152400,18,27
26,427000,0.01462511552230548091285824430,0.02571523,2.57152300,21,987
26,428000,0.01746090844935707161125211318,0.02571522,2.57152200,31,609
26,429000,0.01742179082244321697549309848,0.02571521,2.57152100,35,609
26,430000,0.01742179082244321697549309848,0.02571520,2.57152000,37,609
26,431000,0.01741980385705432456647987051,0.02571519,2.57151900,48,609
26,432000,0.01644317084461150184451299727,0.02571518,2.57151800,58,46
26,433000,0.01469790147841112933931198030,0.02571517,2.57151700,66,334
26,434000,0.01664203342683178668924451784,0.02571516,2.57151600,76,850
26,435000,0.01570757244807076808356884574,0.02571515,2.57151500,88,203
26,436000,0.01665997219001056879159767712,0.02571514,2.57151400,96,245
26,437000,0.01737467291534165898651550158,0.02571513,2.57151300,103,505
26,438000,0.01612843055700245447327597836,0.02571512,2.57151200,111,840
26,439000,0.01612994253984325915884788216,0.02571511,2.57151100,122,237
26,440000,0.01815806338723745599937813238,0.02571510,2.57151000,132,127
26,441000,0.01815806338723745599937813238,0.02571509,2.57150900,143,127
26,442000,0.01724560679165732049639011032,0.02571508,2.57150800,156,313
26,443000,0.01550232173429979046126130512,0.02571507,2.57150700,170,591
26,444000,0.01546573443588916572479404078,0.02571506,2.57150600,175,22
26,445000,0.01584066376545736694678485895,0.02571505,2.57150500,182,241
26,446000,0.01634026173540543379180438775,0.02571504,2.57150400,189,213
26,447000,0.01611080340263020779490306454,0.02571503,2.57150300,201,94
26,448000,0.01529697291244768546604734022,0.02571502,2.57150200,208,895
26,449000,0.01584780667162195169637954238,0.02571501,2.57150100,221,973
26,450000,0.01598435870435107427220895650,0.02571500,2.57150000,225,279
26,451000,0.01606958305085552427274205672,0.02571499,2.57149900,235,605
26,452000,0.01593994020917868928693025296,0.02571498,2.57149800,241,605
26,453000,0.01572272576475484677427423419,0.02571497,2.57149700,246,11
26,454000,0.01565606337499411144039103740,0.02571496,2.57149600,254,129
26,455000,0.01553210890041029834864315717,0.02571495,2.57149500,261,129
26,456000,0.01565684632541959125568795581,0.02571494,2.57149400,263,411
26,457000,0.01518141437703869323790338761,0.02571493,2.57149300,265,723
26,458000,0.01343612808837355736739015878,0.02571492,2.57149200,269,431
26,459000,0.01552089497710902957397686564,0.02571491,2.57149100,273,106
26,460000,0.01780998991357751130139744171,0.02571490,2.57149000,278,633
26,461000,0.01430976438681039587556144768,0.02571489,2.57148900,283,993
26,462000,0.01792764697589935158629527073,0.02571488,2.57148800,282,611
26,463000,0.01483319441698049224225802076,0.02571487,2.57148700,285,356
26,464000,0.01763128636098760093867757846,0.02571486,2.57148600,290,515
26,465000,0.01561927513492077910012676722,0.02571485,2.57148500,292,512
26,466000,0.01620323224422858663613878269,0.02571484,2.57148400,289,230
26,467000,0.01359265869986950857333348746,0.02571483,2.57148300,292,356
26,468000,0.01357161197044166568045810084,0.02571482,2.57148200,292,991
26,469000,0.01407197158188601800230363740,0.02571481,2.57148100,291,384
26,470000,0.01740707277677037478173186454,0.02571480,2.57148000,290,670
26,471000,0.01336385639853086582194967664,0.02571479,2.57147900,293,442
26,472000,0.01356293632646276568335647778,0.02571478,2.57147800,296,581
26,473000,0.01432551205986272716245210250,0.02571477,2.57147700,302,581
26,474000,0.01432551205986272716245210250,0.02571476,2.57147600,303,581
26,475000,0.01292384293813579929306798655,0.02571475,2.57147500,306,670
26,476000,0.01177900879196379558569509478,0.02571474,2.57147400,310,725
26,477000,0.01603371232236128709989441376,0.02571473,2.57147300,309,207
26,478000,0.01510515235328369353998051916,0.02571472,2.57147200,307,243
26,479000,0.01658646336993639363529028882,0.02571471,2.57147100,304,921
26,480000,0.01069341503910574509173992869,0.02571470,2.57147000,303,222
26,481000,0.01059636218828881030089292772,0.02571469,2.57146900,302,605
26,482000,0.01078819244791239361747136678,0.02571468,2.57146800,302,605
26,483000,0.01163406648118774413856364225,0.02571467,2.57146700,302,584
26,484000,0.01054918486546701302504284658,0.02571466,2.57146600,301,300
26,485000,0.01062821035037318433663191492,0.02571465,2.57146500,303,534
26,486000,0.01449117457443395310791375244,0.02571464,2.57146400,303,773
26,487000,0.01113701882062983687911107288,0.02571463,2.57146300,303,508
26,488000,0.01097344611408516068775882339,0.02571462,2.57146200,301,508
26,489000,0.01601183359890812915331618662,0.02571461,2.57146100,300,248
26,490000,0.01578890864106392985868098736,0.02571460,2.57146000,300,248
26,491000,0.01213615658481451855651482513,0.02571459,2.57145900,298,993
26,492000,0.01277942635794173895265802241,0.02571458,2.57145800,300,993
26,493000,0.01254714555830591189966838878,0.02571457,2.57145700,299,203
26,494000,0.01207051899155812073361793734,0.02571456,2.57145600,297,230
26,495000,0.01203788745394955717809157552,0.02571455,2.57145500,297,141
26,496000,0.01587073592795372308197715312,0.02571454,2.57145400,297,837
26,497000,0.01411143156793105462219146268,0.02571453,2.57145300,295,525
26,498000,0.01220289266867839311815675355,0.02571452,2.57145200,295,63
26,499000,0.01265953957111820003537564901,0.02571451,2.57145100,295,707
26,500000,0.01283945292094587181718835025,0.02571450,2.57145000,295,38
26,501000,0.01249650420451361730128130548,0.02571449,2.57144900,294,591
26,502000,0.01252669659596345954429138858,0.02571448,2.57144800,292,361
26,503000,0.01251672216470873726258380821,0.02571447,2.57144700,292,232
26,504000,0.01284519783428560047643646169,0.02571446,2.57144600,292,960
26,505000,0.01267671818001362335089626138,0.02571445,2.57144500,292,850
26,506000,0.01426830388663114280808012122,0.02571444,2.57144400,293,776
26,507000,0.01276900471511513892340068384,0.02571443,2.57144300,293,741
26,508000,0.01273718792085361480322469860,0.02571442,2.57144200,293,741
26,509000,0.01273990534794568323372082146,0.02571441,2.57144100,293,783
26,510000,0.01280300215758570157286176168,0.02571440,2.57144000,293,571
26,511000,0.01267073782841520108109628048,0.02571439,2.57143900,293,587
26,512000,0.01254339006006452788298517092,0.02571438,2.57143800,293,440
26,513000,0.01287247508671919316386154931,0.02571437,2.57143700,293,942
26,514000,0.01231214227106415327297320208,0.02571436,2.57143600,293,961
26,515000,0.01235477541979886710542726972,0.02571435,2.57143500,293,534
26,516000,0.01270794103935959388311389722,0.02571434,2.57143400,293,154
26,517000,0.01258564803912911441873319995,0.02571433,2.57143300,293,735
26,518000,0.01267003599406758406772910270,0.02571432,2.57143200,293,212
26,519000,0.01299588762497135481777777441,0.02571431,2.57143100,293,790
26,520000,0.01281079599140708368255990095,0.02571430,2.57143000,293,672
26,521000,0.01224456873507766804066406225,0.02571429,2.57142900,293,437
26,522000,0.01213455299518901575152660904,0.02571428,2.57142800,293,263
26,523000,0.01236913779359793660754366301,0.02571427,2.57142700,293,973
26,524000,0.01236358013895751432434385580,0.02571426,2.57142600,293,39
26,525000,0.01240056311345951650940694914,0.02571425,2.57142500,293,427
26,526000,0.01226493886270182981818887382,0.02571424,2.57142400,293,959
26,527000,0.01233150518134498354548569256,0.02571423,2.57142300,293,991
26,528000,0.01215377592067111926452076670,0.02571422,2.57142200,293,89
26,529000,0.01192625224462779042475631638,0.02571421,2.57142100,293,442
26,530000,0.01249183311562842379837980656,0.02571420,2.57142000,293,18
26,531000,0.01088618866206551798885800132,0.02571419,2.57141900,293,174
26,532000,0.01103882406946606332353580313,0.02571418,2.57141800,293,457
26,533000,0.01088224187300213427133772128,0.02571417,2.57141700,293,457
26,534000,0.01175756272628122548326786406,0.02571416,2.57141600,293,457
26,535000,0.01229752888236094042465170920,0.02571415,2.57141500,293,457
26,536000,0.01018675599127691352257153263,0.02571414,2.57141400,293,457
26,537000,0.009823498130643120710096669195,0.02571413,2.57141300,293,457
26,538000,0.009609157381382824800560288405,0.02571412,2.57141200,293,704
26,539000,0.00957731158658276483657907627,0.02571411,2.57141100,293,222
26,540000,0.009516279838322703109453691395,0.02571410,2.57141000,293,921
26,541000,0.009450787467888828464084263715,0.02571409,2.57140900,293,222
26,542000,0.00986105662801188652221231876,0.02571408,2.57140800,293,707
26,543000,0.00958661348574072025239577195,0.02571407,2.57140700,293,605
26,544000,0.00949637500454265280586074238,0.02571406,2.57140600,293,144
26,545000,0.009432471600282825746466853755,0.02571405,2.57140500,293,622
26,546000,0.009562471774538485119698175705,0.02571404,2.57140400,293,500
26,547000,0.00940901030354933804594189869,0.02571403,2.57140300,293,500
26,548000,0.01037646500143170444616275086,0.02571402,2.57140200,293,850
26,549000,0.00942691727268821927652673090,0.02571401,2.57140100,293,534
26,550000,0.00943197479651228442518443942,0.02571400,2.57140000,293,790
26,551000,0.01039794258290695545656552451,0.02571399,2.57139900,293,222
26,552000,0.009407619773949177722990062175,0.02571398,2.57139800,293,672
26,553000,0.00933165312696688063232542406,0.02571397,2.57139700,293,672
26,554000,0.01013775527469735773584041034,0.02571396,2.57139600,293,811
26,555000,0.00937828708891028393360689270,0.02571395,2.57139500,293,263
26,556000,0.009438591674662982700722476045,0.02571394,2.57139400,293,40
26,557000,0.01084151413340045035671889274,0.02571393,2.57139300,293,993
26,558000,0.01095684658884599501424226170,0.02571392,2.57139200,293,203
26,559000,0.009507582545543886614797630575,0.02571391,2.57139100,293,564
26,560000,0.00934179713544927135460563876,0.02571390,2.57139000,293,512
26,561000,0.00936125677566527773226988606,0.02571389,2.57138900,293,564
26,562000,0.01073581543605315432881254930,0.02571388,2.57138800,293,808
26,563000,0.009174861520138515666651562535,0.02571387,2.57138700,293,564
26,564000,0.01039641094878053144912864076,0.02571386,2.57138600,293,432
26,565000,0.01030756938779049264466548104,0.02571385,2.57138500,293,489
26,566000,0.00910875953939406556824845521,0.02571384,2.57138400,293,174
26,567000,0.01036372996722854544284567418,0.02571383,2.57138300,293,401
26,568000,0.01051721891479598069793832172,0.02571382,2.57138200,293,591
26,569000,0.01115489080310219482820319794,0.02571381,2.57138100,293,718
26,570000,0.01058811258771166935737104746,0.02571380,2.57138000,293,878
26,571000,0.01053237409403715235096222058,0.02571379,2.57137900,293,406
26,572000,0.01092459575956616130285340524,0.02571378,2.57137800,293,102
26,573000,0.01073371318637061358708662162,0.02571377,2.57137700,293,565
26,574000,0.01083313491305712047251492900,0.02571376,2.57137600,293,523
26,575000,0.01079391535184058850275718420,0.02571375,2.57137500,293,704
26,576000,0.01073886069490322226490445524,0.02571374,2.57137400,293,528
26,577000,0.01082875829851202006859306897,0.02571373,2.57137300,293,902
26,578000,0.01104749969069447017957177686,0.02571372,2.57137200,293,956
26,579000,0.01073446244997895706551031846,0.02571371,2.57137100,293,345
26,580000,0.01059196208441444729263557410,0.02571370,2.57137000,293,869
26,581000,0.01068681383067873781342931249,0.02571369,2.57136900,293,323
26,582000,0.01068681383067873781342931249,0.02571368,2.57136800,293,323
26,583000,0.01076414222221835959699949139,0.02571367,2.57136700,293,500
26,584000,0.01065209326418650219221986329,0.02571366,2.57136600,293,662
26,585000,0.01069525692864826294106693094,0.02571365,2.57136500,293,367
26,586000,0.01069525692864826294106693094,0.02571364,2.57136400,293,367
26,587000,0.01069859729016135373209800096,0.02571363,2.57136300,293,268
26,588000,0.01076005219667182952207959516,0.02571362,2.57136200,293,566
26,589000,0.01067096776222434245890522482,0.02571361,2.57136100,293,819
26,590000,0.01062816007452804284518222500,0.02571360,2.57136000,293,672
26,591000,0.01077336799359678888969152878,0.02571359,2.57135900,293,467
26,592000,0.01060441087179034512893576043,0.02571358,2.57135800,293,467
26,593000,0.01066525411229576667545031124,0.02571357,2.57135700,293,263
26,594000,0.01047853355410021029476719164,0.02571356,2.57135600,293,486
26,595000,0.01059191151718221920402817288,0.02571355,2.57135500,293,836
26,596000,0.01072961204485274025537075796,0.02571354,2.57135400,293,860
26,597000,0.01076191691386481263971050016,0.02571353,2.57135300,293,384
26,598000,0.01076191691386481263971050016,0.02571352,2.57135200,293,384
26,599000,0.008849159074626054050762547535,0.02571351,2.57135100,293,171
26,600000,0.01056831787956409222357106183,0.02571350,2.57135000,293,18
26,601000,0.00873617729460295518006420635,0.02571349,2.57134900,293,265
26,602000,0.00875646524373574155051376478,0.02571348,2.57134800,293,726
26,603000,0.008673696212174928655295891245,0.02571347,2.57134700,293,662
26,604000,0.008792804248266518707180898015,0.02571346,2.57134600,293,457
26,605000,0.008792804248266518707180898015,0.02571345,2.57134500,293,457
26,606000,0.01046203393429084504793415185,0.02571344,2.57134400,293,457
26,607000,0.01046203393429084504793415185,0.02571343,2.57134300,293,457
26,608000,0.00873841650145709207024035182,0.02571342,2.57134200,293,337
26,609000,0.008631130970537431122539572255,0.02571341,2.57134100,293,10
26,610000,0.008759514433318891111280480055,0.02571340,2.57134000,293,527
26,611000,0.008586693212821275521767154035,0.02571339,2.57133900,293,900
26,612000,0.008505600962511770163610675605,0.02571338,2.57133800,293,241
26,613000,0.008740893189497280253691370985,0.02571337,2.57133700,293,356
26,614000,0.008618887647889856852553192065,0.02571336,2.57133600,293,584
26,615000,0.008597558257729963074793078505,0.02571335,2.57133500,293,991
26,616000,0.008703084289506418593048015395,0.02571334,2.57133400,293,564
26,617000,0.00843445366202964044643343483,0.02571333,2.57133300,293,397
26,618000,0.00859746646417577428141405069,0.02571332,2.57133200,293,564
26,619000,0.00843539455015294385805419231,0.02571331,2.57133100,293,720
26,620000,0.00836285434059825972512512204,0.02571330,2.57133000,293,546
26,621000,0.008339982151191399191458847325,0.02571329,2.57132900,293,11
26,622000,0.00829248035970193652299515791,0.02571328,2.57132800,293,590
26,623000,0.00838270935482003572857961244,0.02571327,2.57132700,293,145
26,624000,0.008352317869403143410213508515,0.02571326,2.57132600,293,457
26,625000,0.008147551553579594572561027355,0.02571325,2.57132500,293,726
26,626000,0.008480534393170394356358801535,0.02571324,2.57132400,293,154
26,627000,0.008240155555170672074101591535,0.02571323,2.57132300,293,619
26,628000,0.00826437375799946851973979999,0.02571322,2.57132200,293,182
26,629000,0.00829008769131100655908180520,0.02571321,2.57132100,293,215
26,630000,0.00822621958071344477214455842,0.02571320,2.57132000,293,704
26,631000,0.008352584262170807948590779695,0.02571319,2.57131900,293,318
26,632000,0.00808648531735235331555225975,0.02571318,2.57131800,293,885
26,633000,0.00828234002066423525149891614,0.02571317,2.57131700,293,299
26,634000,0.00806609364298743904861303225,0.02571316,2.57131600,293,299
26,635000,0.008189910936674951281846421985,0.02571315,2.57131500,293,605
26,636000,0.008183650931259498317708507375,0.02571314,2.57131400,293,323
26,637000,0.008240067103398451288116345205,0.02571313,2.57131300,293,427
26,638000,0.00814791739090303152787923930,0.02571312,2.57131200,293,836
26,639000,0.008080722249519493741172133075,0.02571311,2.57131100,293,473
26,640000,0.008079564334548374823942571145,0.02571310,2.57131000,293,431
26,641000,0.008018463073613747193104650235,0.02571309,2.57130900,293,534
26,642000,0.00828135858539957574082800392,0.02571308,2.57130800,293,18
26,643000,0.008050558381672186771404101055,0.02571307,2.57130700,293,18
26,644000,0.00807612501925991995049759670,0.02571306,2.57130600,293,174
26,645000,0.00791186460996252194289777555,0.02571305,2.57130500,293,566
26,646000,0.00796727706583737263454760257,0.02571304,2.57130400,293,672
26,647000,0.007948759787471608833864896565,0.02571303,2.57130300,293,598
26,648000,0.00794312629077347207091256804,0.02571302,2.57130200,293,299
26,649000,0.008062055098971793806135869835,0.02571301,2.57130100,293,457
26,650000,0.007917911491663560740111034975,0.02571300,2.57130000,293,467
26,651000,0.00798320111537231405525719199,0.02571299,2.57129900,293,40
26,652000,0.00784226190888043673677946445,0.02571298,2.57129800,293,40
26,653000,0.007920064394500302247372379085,0.02571297,2.57129700,293,564
26,654000,0.00803017563749299722537926464,0.02571296,2.57129600,293,384
26,655000,0.00797814069106878524108111441,0.02571295,2.57129500,293,512
26,656000,0.00792344246901531982025596635,0.02571294,2.57129400,293,564
26,657000,0.00792344246901531982025596635,0.02571293,2.57129300,293,564
26,658000,0.007951533454829436319764056265,0.02571292,2.57129200,293,174
26,659000,0.00786800028983031072324526999,0.02571291,2.57129100,293,89
26,660000,0.00778646518799175950880330512,0.02571290,2.57129000,293,18
26,661000,0.007879736361064804115409986215,0.02571289,2.57128900,293,174
26,662000,0.007879736361064804115409986215,0.02571288,2.57128800,293,174
26,663000,0.007797839472347208381180514995,0.02571287,2.57128700,293,241
26,664000,0.00792390331535912115736814912,0.02571286,2.57128600,293,457
26,665000,0.00792390331535912115736814912,0.02571285,2.57128500,293,457
26,666000,0.007686678263336973501281673435,0.02571284,2.57128400,293,196
26,667000,0.00781509227092001663916466615,0.02571283,2.57128300,292,457
26,668000,0.00835886863505501758720143783,0.02571282,2.57128200,292,508
26,669000,0.00879096158627755649852519475,0.02571281,2.57128100,292,508
26,670000,0.008763770794288892630926297845,0.02571280,2.57128000,292,508
26,671000,0.00904297340173487479262262932,0.02571279,2.57127900,290,609
26,672000,0.00889998118171809407855677306,0.02571278,2.57127800,290,609
26,673000,0.00890089209092964564573140251,0.02571277,2.57127700,290,203
26,674000,0.00895460346245746481530716282,0.02571276,2.57127600,289,27
26,675000,0.00900289444668566452982785603,0.02571275,2.57127500,285,203
26,676000,0.00898586751615832727047959954,0.02571274,2.57127400,282,230
26,677000,0.008989256719737383309800820595,0.02571273,2.57127300,281,808
26,678000,0.00929380252190206466496380774,0.02571272,2.57127200,277,267
26,679000,0.02570127675213213057652332678,0.02571271,2.57127100,275,267
26,680000,0.02571269708816480330064921752,0.02571270,2.57127000,269,267
26,681000,0.00887817423861240053046152415,0.00935344,0.93534400,269,969
26,682000,0.00905785184596248340373792318,0.00935343,0.93534300,265,707
26,683000,0.009214045310390091648551991615,0.00935342,0.93534200,258,221
26,684000,0.00909706493774850970548505399,0.00935341,0.93534100,253,157
26,685000,0.00906626934440562097765311209,0.00935340,0.93534000,247,157
26,686000,0.00913374474505456972596427238,0.00935339,0.93533900,244,878
26,687000,0.009169966650827071077627247805,0.00935338,0.93533800,241,46
26,688000,0.009183463312165017952108204975,0.00935337,0.93533700,230,134
26,689000,0.009334346142516445524555494145,0.00935336,0.93533600,219,241
26,690000,0.009214876776213178633356719695,0.00935335,0.93533500,207,241
26,691000,0.009317037026390696249871080515,0.00935334,0.93533400,199,241
26,692000,0.00925668814032968400524673733,0.00935333,0.93533300,190,347
26,693000,0.009151098187115486879126674835,0.00935332,0.93533200,180,347
26,694000,0.009194427114774577495264780095,0.00935331,0.93533100,173,243
26,695000,0.009311237756874982311765896385,0.00935330,0.93533000,164,529
26,696000,0.009235484856240958344916276895,0.00935329,0.93532900,152,529
26,697000,0.009068027324839649444572262055,0.00935328,0.93532800,143,332
26,698000,0.00903708544364360108114244935,0.00935327,0.93532700,134,262
26,699000,0.009353251020336433386453123995,0.00935326,0.93532600,122,11
26,700000,0.00913873504080927725245463530,0.00921987,0.92198700,115,11
26,701000,0.00921805606270436192873314228,0.00921986,0.92198600,104,942
26,702000,0.009158600538771129992509328365,0.00921985,0.92198500,95,105
26,703000,0.009013570112866424972881749285,0.00921984,0.92198400,91,105
26,704000,0.008984009414875262299366189575,0.00921983,0.92198300,86,105
26,705000,0.00916736926672880385693164586,0.00921982,0.92198200,81,511
26,706000,0.00901494714081067875194609587,0.00921981,0.92198100,78,511
26,707000,0.00910516263056417892276630345,0.00921980,0.92198000,69,335
26,708000,0.009219780673945419088466386595,0.00921979,0.92197900,64,790
26,709000,0.009050633886211333108624847375,0.00921242,0.92124200,60,598
26,710000,0.00902546734895855811092348026,0.00921241,0.92124100,52,598
26,711000,0.00901791838111876283080240572,0.00921240,0.92124000,45,10
26,712000,0.00921118517763141544908468651,0.00921239,0.92123900,42,527
26,713000,0.00906417595436286009685890991,0.00921238,0.92123800,35,527
26,714000,0.009092245536595410951169955135,0.00921237,0.92123700,30,40
26,715000,0.009013727310310552392333196225,0.00921236,0.92123600,25,486
26,716000,0.00911328271952466515709987514,0.00921235,0.92123500,22,39
26,717000,0.009205484132730610746682770995,0.00921234,0.92123400,18,502
26,718000,0.00905085578189622162928860384,0.00921233,0.92123300,15,502
26,719000,0.009211708717616771680658265165,0.00921232,0.92123200,13,564
26,720000,0.00921230543724658657423757159,0.00921231,0.92123100,11,512
26,721000,0.00904266120971213867636144090,0.00904267,0.90426700,6,564
26,722000,0.00871043522621550146499579875,0.00903980,0.90398000,5,564
26,723000,0.00850109282206151168370911188,0.00903979,0.90397900,5,442
26,724000,0.00901118983066802695787848188,0.00903978,0.90397800,5,442
26,725000,0.008691409085333762662589285695,0.00903977,0.90397700,4,174
26,726000,0.008664816496609372971608751625,0.00903976,0.90397600,3,174
26,727000,0.00833899723641610552766082293,0.00903975,0.90397500,2,174
26,728000,0.00647579264653067180828699931,0.00903974,0.90397400,1,457
26,729000,0.008587978814529024646260793735,0.00903973,0.90397300,1,457
26,730000,0.00903971980046446512295332798,0.00903972,0.90397200,1,457
27,427000,0.01434594262773669069881194058,0.01882988,1.88298800,1,12
27,428000,0.01251297984736675404620490043,0.01882987,1.88298700,2,12
27,429000,0.01419593844776968925439175464,0.01882986,1.88298600,3,910
27,430000,0.01465849024769435032969863813,0.01882985,1.88298500,3,910
27,431000,0.01279089092886983312845106394,0.01882984,1.88298400,3,601
27,432000,0.01710788138726614332673505944,0.01882983,1.88298300,5,865
27,433000,0.01710788138726614332673505944,0.01882982,1.88298200,6,865
27,434000,0.01710589967930690052710561747,0.01882981,1.88298100,7,865
27,435000,0.01709561696150142998248296096,0.01882980,1.88298000,7,865
27,436000,0.01709363809368260590567590945,0.01882979,1.88297900,10,865
27,437000,0.01691305909388194645929880216,0.01882978,1.88297800,12,71
27,438000,0.01691305909388194645929880216,0.01882977,1.88297700,12,71
27,439000,0.01690621386259004790975393892,0.01882976,1.88297600,13,198
27,440000,0.01690111182341338257699720024,0.01882975,1.88297500,17,71
27,441000,0.01689332664856914181916582246,0.01882974,1.88297400,17,198
27,442000,0.01776586441271270262629822252,0.01882973,1.88297300,17,237
27,443000,0.01666438903729904129345729016,0.01882972,1.88297200,18,733
27,444000,0.01665468161722438154163646928,0.01882971,1.88297100,21,733
27,445000,0.01767158039570916601988877088,0.01882970,1.88297000,24,928
27,446000,0.01663404305708318525408878001,0.01882969,1.88296900,26,733
27,447000,0.01656874862821510680202904405,0.01882968,1.88296800,28,881
27,448000,0.01647311458460434338950407054,0.01882967,1.88296700,30,552
27,449000,0.01646249521170876708345830122,0.01882966,1.88296600,33,552
27,450000,0.01646053351964082394874863404,0.01882965,1.88296500,37,552
27,451000,0.01644044552223730922764167400,0.01882964,1.88296400,37,552
27,452000,0.01882961661674477217433390677,0.01882963,1.88296300,43,981
27,453000,0.01882961661674477217433390677,0.01882962,1.88296200,45,981
27,454000,0.01621982215036346568034084530,0.01763380,1.76338000,46,244
27,455000,0.01653949153544355152053352636,0.01763379,1.76337900,48,580
27,456000,0.01640294288484958578107590904,0.01763378,1.76337800,51,580
27,457000,0.01620751926781323065374856260,0.01763377,1.76337700,54,244
27,458000,0.01619523503481365371593360054,0.01763376,1.76337600,58,244
27,459000,0.01604022944456241644779079806,0.01763375,1.76337500,59,411
27,460000,0.01583373584926621425432173789,0.01763374,1.76337400,60,411
27,461000,0.01582325499782936646734740176,0.01763373,1.76337300,61,411
27,462000,0.01545890337078334599976272585,0.01763372,1.76337200,67,645
27,463000,0.01345320465848644211387803660,0.01763371,1.76337100,69,411
27,464000,0.01372219419205807520063434294,0.01763370,1.76337000,72,816
27,465000,0.01558593014718706150914326024,0.01763369,1.76336900,78,611
27,466000,0.01763367275562379825939137062,0.01763368,1.76336800,82,211
27,467000,0.01545597038105216514718529152,0.01565128,1.56512800,83,774
27,468000,0.01489325496742682397035857008,0.01565127,1.56512700,89,767
27,469000,0.01471721284253808751082080480,0.01565126,1.56512600,92,767
27,470000,0.01535589361181473665692777853,0.01565125,1.56512500,96,767
27,471000,0.01474324997614037035042644332,0.01565124,1.56512400,97,711
27,472000,0.01473481299384392398254680456,0.01565123,1.56512300,98,711
27,473000,0.01473325656629742492126627646,0.01565122,1.56512200,100,711
27,474000,0.01475823447436349910711514345,0.01565121,1.56512100,103,588
27,475000,0.01519059479043156218742592346,0.01565120,1.56512000,103,711
27,476000,0.01471666839994167434865696640,0.01565119,1.56511900,103,588
27,477000,0.01467204153412043714559987098,0.01565118,1.56511800,107,482
27,478000,0.01465110291806008460064253758,0.01565117,1.56511700,110,588
27,479000,0.01463467332557496701961527852,0.01565116,1.56511600,113,482
27,480000,0.01458221159615955490096322078,0.01565115,1.56511500,117,482
27,481000,0.01457201987007782532250887570,0.01565114,1.56511400,119,482
27,482000,0.01437490830611455939771055854,0.01565113,1.56511300,122,68
27,483000,0.01446424486426919533521596785,0.01565112,1.56511200,124,305
27,484000,0.01458949460228797393766465553,0.01565111,1.56511100,125,305
27,485000,0.01469502801443916524130984270,0.01565110,1.56511000,125,169
27,486000,0.01433779364192311661456264502,0.01565109,1.56510900,126,68
27,487000,0.01433779364192311661456264502,0.01565108,1.56510800,127,68
27,488000,0.01432808592306416141364443776,0.01565107,1.56510700,129,68
27,489000,0.01432808592306416141364443776,0.01565106,1.56510600,130,68
27,490000,0.01438897394890858229985306608,0.01565105,1.56510500,131,964
27,491000,0.01565103144101887334964288547,0.01565104,1.56510400,133,293
27,492000,0.01089475315934442205279406437,0.01461265,1.46126500,133,721
27,493000,0.01191609647935711973161083045,0.01461264,1.46126400,134,721
27,494000,0.01126561264938586394672631964,0.01461263,1.46126300,136,865
27,495000,0.01392487663954395074128085459,0.01461262,1.46126200,137,348
27,496000,0.01450477951494194711691212475,0.01461261,1.46126100,137,348
27,497000,0.01461259181868692763634514138,0.01461260,1.46126000,139,348
27,498000,0.01362896502800238539730384934,0.01362897,1.36289700,139,382
27,499000,0.01360577886302709316456215876,0.01360578,1.36057800,139,382
27,500000,0.01223928174244505603659202345,0.01264747,1.26474700,139,71
27,501000,0.01225127541495601976685595665,0.01264746,1.26474600,140,198
27,502000,0.01220346197576067017621639990,0.01264745,1.26474500,142,54
27,503000,0.01191692161116853543840343200,0.01264744,1.26474400,142,291
27,504000,0.01227013415914480445119746228,0.01264743,1.26474300,142,711
27,505000,0.01219919993421301058070214278,0.01264742,1.26474200,142,200
27,506000,0.01241961620127541228802841934,0.01264741,1.26474100,142,987
27,507000,0.01238769463784039441035944147,0.01264740,1.26474000,142,987
27,508000,0.01227590602003813591227641154,0.01264739,1.26473900,142,170
27,509000,0.01231727557974075118406239012,0.01264738,1.26473800,142,947
27,510000,0.01254303118764316386533052629,0.01264737,1.26473700,142,315
27,511000,0.01260512274304723124051803034,0.01264736,1.26473600,142,645
27,512000,0.01264734774954758598674165952,0.01264735,1.26473500,142,849
27,513000,0.01238600020799437862125194010,0.01258033,1.25803300,142,649
27,514000,0.01258031869905796004842779986,0.01258032,1.25803200,142,626
27,515000,0.01222271478389716037625949227,0.01257769,1.25776900,142,357
27,516000,0.01239503410055593746252838376,0.01257768,1.25776800,142,371
27,517000,0.01257766826118501723322091662,0.01257767,1.25776700,142,825
27,518000,0.01214363849026985792884460166,0.01249412,1.24941200,142,474
27,519000,0.01228485293564785579248734386,0.01249411,1.24941100,142,805
27,520000,0.01224447716339442603603391378,0.01249410,1.24941000,142,588
27,521000,0.01249408809967347312978593982,0.01249409,1.24940900,142,68
27,522000,0.01226258390959826480970283450,0.01239061,1.23906100,142,862
27,523000,0.01228804343394507690019898800,0.01239060,1.23906000,142,106
27,524000,0.01227277599802576154318922523,0.01239059,1.23905900,142,94
27,525000,0.01226990831142188548308896942,0.01239058,1.23905800,142,611
27,526000,0.01239056790949738073406395019,0.01239057,1.23905700,142,774
27,527000,0.01234845595275804434977824824,0.01234846,1.23484600,142,279
27,528000,0.01232759075831491397957084709,0.01234499,1.23449900,142,133
27,529000,0.01234497144489613905800700550,0.01234498,1.23449800,142,978
27,530000,0.01089968411582944565760524886,0.01220382,1.22038200,142,981
27,531000,0.01055334937565459118555834754,0.01220381,1.22038100,142,981
27,532000,0.01035809075579118951544036243,0.01220380,1.22038000,142,978
27,533000,0.01092615004119723247883930597,0.01220379,1.22037900,142,670
27,534000,0.01174507178799295604633304228,0.01220378,1.22037800,142,670
27,535000,0.01220375050567197976789228244,0.01220377,1.22037700,142,405
27,536000,0.01220375050567197976789228244,0.01220376,1.22037600,142,405
27,537000,0.01071673193212779130067197236,0.01097940,1.09794000,142,405
27,538000,0.01023119153368036908676030500,0.01097939,1.09793900,142,405
27,539000,0.01001794973095333386097062144,0.01097938,1.09793800,142,405
27,540000,0.009379610109894831938045251205,0.01097937,1.09793700,142,947
27,541000,0.00933538929630167281196872442,0.01097936,1.09793600,142,170
27,542000,0.00945761895510598171978848753,0.01097935,1.09793500,142,652
27,543000,0.009545027244935090253665774185,0.01097934,1.09793400,142,849
27,544000,0.00958733565978594360235381117,0.01097933,1.09793300,142,849
27,545000,0.009497901212086977625261613625,0.01097932,1.09793200,142,799
27,546000,0.009571536621915461105066801615,0.01097931,1.09793100,142,626
27,547000,0.00945549657551298637709915313,0.01097930,1.09793000,142,626
27,548000,0.00928993632663098554592154567,0.01097929,1.09792900,142,357
27,549000,0.009365316413680462340327210055,0.01097928,1.09792800,142,825
27,550000,0.00924935248152331359828320133,0.01097927,1.09792700,142,825
27,551000,0.00931733891169044627909908782,0.01097926,1.09792600,142,225
27,552000,0.00931509581444308808569048016,0.01097925,1.09792500,142,225
27,553000,0.009453859906887276996418015165,0.01097924,1.09792400,142,68
27,554000,0.009347963242791118062929609435,0.01097923,1.09792300,142,68
27,555000,0.01030670608171785234591057848,0.01097922,1.09792200,142,849
27,556000,0.00945039866911505117315740462,0.01097921,1.09792100,142,569
27,557000,0.009296657537338172341945613345,0.01097920,1.09792000,142,482
27,558000,0.01000694971916255099999654800,0.01097919,1.09791900,142,239
27,559000,0.00936123337354068480922088641,0.01097918,1.09791800,142,611
27,560000,0.01026270733958482742835326452,0.01097917,1.09791700,142,379
27,561000,0.01026270733958482742835326452,0.01097916,1.09791600,142,379
27,562000,0.01052296773268271136274415312,0.01097915,1.09791500,142,42
27,563000,0.009429425983802746526769620085,0.01097914,1.09791400,142,805
27,564000,0.01067246886988295065065305501,0.01097913,1.09791300,142,460
27,565000,0.009072418533330080472592781455,0.01097912,1.09791200,142,978
27,566000,0.01044271432959870432732997586,0.01097911,1.09791100,142,890
27,567000,0.01073634403122235876339340004,0.01097910,1.09791000,142,71
27,568000,0.01073634403122235876339340004,0.01097909,1.09790900,142,71
27,569000,0.01063342316881086598718150000,0.01097908,1.09790800,142,54
27,570000,0.01063342316881086598718150000,0.01097907,1.09790700,142,54
27,571000,0.01054110100605467433534411744,0.01097906,1.09790600,142,324
27,572000,0.01070977382702972496698887244,0.01097905,1.09790500,142,711
27,573000,0.01070977382702972496698887244,0.01097904,1.09790400,142,711
27,574000,0.01057452914747261494432856036,0.01097903,1.09790300,142,843
27,575000,0.01057452914747261494432856036,0.01097902,1.09790200,142,843
27,576000,0.01081278626459658351768440747,0.01097901,1.09790100,142,170
27,577000,0.01084226494592494183046287881,0.01097900,1.09790000,142,15
27,578000,0.01081677954977772641804428285,0.01097899,1.09789900,142,15
27,579000,0.01082327595264438825063001282,0.01097898,1.09789800,142,881
27,580000,0.01066999649294788186650821698,0.01097897,1.09789700,142,35
27,581000,0.01054267685386941118681386539,0.01097896,1.09789600,142,325
27,582000,0.01083031640376458669516281468,0.01097895,1.09789500,142,799
27,583000,0.01062605216344757768985556504,0.01097894,1.09789400,142,237
27,584000,0.01062605216344757768985556504,0.01097893,1.09789300,142,237
27,585000,0.01085265926877439940652167583,0.01097892,1.09789200,142,140
27,586000,0.01052494199039647819373265638,0.01097891,1.09789100,142,66
27,587000,0.01052914509704368741999096370,0.01097890,1.09789000,142,516
27,588000,0.01058099495602376254096235587,0.01097889,1.09788900,142,225
27,589000,0.01088823952991200428058960913,0.01097888,1.09788800,142,443
27,590000,0.01097886015957680752864020280,0.01097887,1.09788700,142,816
27,591000,0.01082387568356849561476477602,0.01090174,1.09017400,142,816
27,592000,0.01072549321516811022483745906,0.01090173,1.09017300,142,482
27,593000,0.01062534563774709453762951340,0.01090172,1.09017200,142,862
27,594000,0.01065179932036019516004747782,0.01090171,1.09017100,142,526
27,595000,0.01059360685964877476984017642,0.01090170,1.09017000,142,569
27,596000,0.01084993002315064267409882886,0.01090169,1.09016900,142,119
27,597000,0.01065009099551518177188363742,0.01090168,1.09016800,142,611
27,598000,0.01079222065655622812465004258,0.01090167,1.09016700,142,515
27,599000,0.01047122202813785244367329067,0.01090166,1.09016600,142,625
27,600000,0.01090164593525069116024125094,0.01090165,1.09016500,142,978
27,601000,0.01075093907762704300271224930,0.01079468,1.07946800,142,978
27,602000,0.01041437202672718845274020630,0.01079467,1.07946700,142,580
27,603000,0.008517428451452941923443201685,0.01079466,1.07946600,142,338
27,604000,0.00888105595789075940873989333,0.01079465,1.07946500,142,670
27,605000,0.00887309893159788039629662982,0.01079464,1.07946400,142,405
27,606000,0.01060393093688877842903327490,0.01079463,1.07946300,142,670
27,607000,0.01079461494861820598388819136,0.01079462,1.07946200,142,405
27,608000,0.008437611027825459914234525275,0.00927035,0.92703500,142,68
27,609000,0.008611741093476164764186806225,0.00927034,0.92703400,142,68
27,610000,0.008502598309179682124024597565,0.00927033,0.92703300,142,588
27,611000,0.00861033078339430851045223488,0.00927032,0.92703200,142,293
27,612000,0.00850457415240899458459604826,0.00927031,0.92703100,142,68
27,613000,0.008410859635134942581553086855,0.00927030,0.92703000,142,296
27,614000,0.008524864887018908602081068155,0.00927029,0.92702900,142,843
27,615000,0.008487371183119775219444053685,0.00927028,0.92702800,142,119
27,616000,0.008510421482381304993973740835,0.00927027,0.92702700,142,348
27,617000,0.008503322289016718689010189715,0.00927026,0.92702600,142,119
27,618000,0.008413339203028265749197981255,0.00927025,0.92702500,142,119
27,619000,0.00847460715724109371347026126,0.00927024,0.92702400,142,166
27,620000,0.008274979086693273323877335975,0.00927023,0.92702300,142,645
27,621000,0.00845544836508034312231221699,0.00927022,0.92702200,142,166
27,622000,0.008364516526650201969841193025,0.00927021,0.92702100,142,166
27,623000,0.008228062492705515093567845735,0.00927020,0.92702000,142,124
27,624000,0.008461212260733789961537448985,0.00927019,0.92701900,142,357
27,625000,0.00845046813395224705752605432,0.00927018,0.92701800,142,670
27,626000,0.00829762638038387654890130431,0.00927017,0.92701700,142,140
27,627000,0.00844395204671350039251880228,0.00927016,0.92701600,142,975
27,628000,0.00839624119457338149439921891,0.00927015,0.92701500,142,294
27,629000,0.00823559660478564462117948530,0.00927014,0.92701400,142,80
27,630000,0.00850543404504249212250043290,0.00927013,0.92701300,142,588
27,631000,0.008277740514046616068897360165,0.00927012,0.92701200,142,588
27,632000,0.00809552777810845331155425334,0.00927011,0.92701100,142,663
27,633000,0.00809191288517586594259984847,0.00927010,0.92701000,142,170
27,634000,0.00848737302584223965330828086,0.00927009,0.92700900,142,106
27,635000,0.00821915035720550145817872583,0.00927008,0.92700800,142,94
27,636000,0.008242265897894870288531710015,0.00927007,0.92700700,142,799
27,637000,0.008134983898419280997200678185,0.00927006,0.92700600,142,775
27,638000,0.00843570438851205923364023633,0.00927005,0.92700500,142,774
27,639000,0.00820786175982857198475383396,0.00927004,0.92700400,142,774
27,640000,0.008309596442669548479112360745,0.00927003,0.92700300,142,279
27,641000,0.008101035007133671403795603325,0.00927002,0.92700200,142,625
27,642000,0.008190951489359622340840816705,0.00927001,0.92700100,142,978
27,643000,0.00799583146874986313967893250,0.00927000,0.92700000,142,978
27,644000,0.00796939620438812152051888826,0.00926999,0.92699900,142,748
27,645000,0.008024533147882646363292757945,0.00926998,0.92699800,142,411
27,646000,0.00802285606106818640997552060,0.00926997,0.92699700,142,816
27,647000,0.007924047138432532658152933935,0.00926996,0.92699600,142,816
27,648000,0.007882796178420012508728872595,0.00926995,0.92699500,142,411
27,649000,0.008278230738425140644756011865,0.00926994,0.92699400,142,670
27,650000,0.008093073059888139835172290625,0.00926993,0.92699300,142,569
27,651000,0.007988119966336535655546638965,0.00926992,0.92699200,142,569
27,652000,0.007949463060527339975180311735,0.00926991,0.92699100,142,611
27,653000,0.00794326171808142220660487198,0.00926990,0.92699000,142,774
27,654000,0.00789292032532779789046370204,0.00926989,0.92698900,142,569
27,655000,0.00787788034013016938754693698,0.00926988,0.92698800,142,119
27,656000,0.00793046278117667370516754055,0.00926987,0.92698700,142,981
27,657000,0.00813259013647754355197296982,0.00926986,0.92698600,142,978
27,658000,0.00793412943069262550241461154,0.00926985,0.92698500,142,978
27,659000,0.00785695438861879141195819601,0.00926984,0.92698400,142,981
27,660000,0.007860672252934277726837527335,0.00926983,0.92698300,142,978
27,661000,0.007860672252934277726837527335,0.00926982,0.92698200,142,978
27,662000,0.007562994377397881581170155545,0.00926981,0.92698100,142,15
27,663000,0.007550830924134182577646057815,0.00926980,0.92698000,142,652
27,664000,0.00767240237915946676227744259,0.00926979,0.92697900,142,670
27,665000,0.007882652986227886062769897515,0.00926978,0.92697800,141,405
27,666000,0.00779451789791167088055786171,0.00926977,0.92697700,139,405
27,667000,0.007596860681501637296173291455,0.00926976,0.92697600,141,670
27,668000,0.007780027070042173936660016455,0.00926975,0.92697500,140,405
27,669000,0.007780027070042173936660016455,0.00926974,0.92697400,137,405
27,670000,0.007771563495420871952573578675,0.00926973,0.92697300,137,315
27,671000,0.007618574448907256564895015135,0.00926972,0.92697200,137,645
27,672000,0.007736994366513773284285248015,0.00926971,0.92697100,137,849
27,673000,0.00744449174924780948232376881,0.00926970,0.92697000,136,825
27,674000,0.00770494263359774272141756775,0.00926969,0.92696900,135,775
27,675000,0.00877312577896908234092194379,0.00926968,0.92696800,134,601
27,676000,0.00894368581835911300679397641,0.00926967,0.92696700,133,601
27,677000,0.008806380715718831235409883155,0.00926966,0.92696600,132,601
27,678000,0.00742112899540758918415261188,0.00926965,0.92696500,132,816
27,679000,0.00852844641736103185975179031,0.00926964,0.92696400,130,460
27,680000,0.009063317007616147414727601125,0.00926963,0.92696300,130,460
27,681000,0.00892454583649357493664264016,0.00926962,0.92696200,126,460
27,682000,0.008925545733724670708360436225,0.00926961,0.92696100,122,767
27,683000,0.008898079064113314386485203895,0.00926960,0.92696000,121,767
27,684000,0.008574458005112551954883961085,0.00926959,0.92695900,118,568
27,685000,0.008583450199857455877344479225,0.00926958,0.92695800,117,408
27,686000,0.008985119750107274142948485345,0.00926957,0.92695700,114,408
27,687000,0.008816269421728412245718971395,0.00926956,0.92695600,110,324
27,688000,0.00894193012814567984276330222,0.00926955,0.92695500,108,12
27,689000,0.008806381783451876607882182225,0.00926954,0.92695400,105,324
27,690000,0.00908440612288854053606623623,0.00926953,0.92695300,96,296
27,691000,0.00889023610553186048457494934,0.00926952,0.92695200,87,910
27,692000,0.009009503430368980628727008565,0.00926951,0.92695100,81,334
27,693000,0.007538560262225785103352584705,0.00926950,0.92695000,75,279
27,694000,0.008548071519049100598252694245,0.00926949,0.92694900,73,183
27,695000,0.00910081900916600785170733568,0.00926948,0.92694800,70,183
27,696000,0.008953265337131011176678514695,0.00926947,0.92694700,68,183
27,697000,0.008927620198432254737309538485,0.00926946,0.92694600,68,183
27,698000,0.00885792135447865905191816629,0.00926945,0.92694500,65,645
27,699000,0.008832924294704372418368485215,0.00926944,0.92694400,62,645
27,700000,0.009269424344241017156130101565,0.00926943,0.92694300,55,799
27,701000,0.00912206482481594435341341202,0.00912819,0.91281900,51,799
27,702000,0.00889826265116393728132967450,0.00912818,0.91281800,48,169
27,703000,0.00840897631359002438043263765,0.00912817,0.91281700,45,371
27,704000,0.00895386793719545440548069069,0.00912816,0.91281600,43,371
27,705000,0.008887923925641814383428785865,0.00912815,0.91281500,39,127
27,706000,0.00912813104844689715286158635,0.00912814,0.91281400,34,825
27,707000,0.008524618295024106452030296555,0.00908795,0.90879500,30,516
27,708000,0.009018142214193341643132217325,0.00908794,0.90879400,26,928
27,709000,0.00887220918617791503513988908,0.00908793,0.90879300,24,928
27,710000,0.008731768785519533165881741305,0.00908792,0.90879200,22,516
27,711000,0.00666466224439124393608682181,0.00908791,0.90879100,19,526
27,712000,0.008625870884125233745277735275,0.00908790,0.90879000,18,482
27,713000,0.008625870884125233745277735275,0.00908789,0.90878900,15,482
27,714000,0.008952985707305896000841947605,0.00908788,0.90878800,15,482
27,715000,0.008952985707305896000841947605,0.00908787,0.90878700,15,482
27,716000,0.008925020317142171706263954715,0.00908786,0.90878600,11,482
27,717000,0.00678854542155582764134468849,0.00908785,0.90878500,7,133
27,718000,0.00672656468977124068502569786,0.00908784,0.90878400,7,978
27,719000,0.008598803774911134799331700995,0.00908783,0.90878300,6,279
27,720000,0.009087814821528391837682383625,0.00908782,0.90878200,4,279
27,721000,0.00857694688092787418206247098,0.00857695,0.85769500,2,133
27,722000,0.00565293645137170940282971656,0.00850873,0.85087300,1,670
27,723000,0.00565293645137170940282971656,0.00850872,0.85087200,1,670
27,724000,0.00627594128562934911761895486,0.00850871,0.85087100,1,670
27,725000,0.00637826629290481310449711514,0.00850870,0.85087000,1,670
27,726000,0.00636202128867731340067742374,0.00850869,0.85086900,1,670
27,727000,0.00635995875929203567676748952,0.00850868,0.85086800,1,670
27,728000,0.006369416104025251433680722055,0.00850867,0.85086700,1,670
27,729000,0.008508652462284485765787416415,0.00850866,0.85086600,1,670
29,665000,0.02585404091341822261698574227,0.02585405,2.58540500,1,162
29,666000,0.02584077246351508923013659612,0.02584079,2.58407900,1,162
29,667000,0.02584077246351508923013659612,0.02584078,2.58407800,1,162
29,668000,0.02577854108593654535117069798,0.02577855,2.57785500,1,162
29,669000,0.02576634026936804355687754082,0.02576635,2.57663500,1,162
29,680000,0.01795119265340524287187611634,0.02427284,2.42728400,1,58
29,681000,0.01794222391634563081898014033,0.02427283,2.42728300,1,58
29,682000,0.01794222391634563081898014033,0.02427282,2.42728200,1,58
29,683000,0.01790191487593705436681361260,0.02427281,2.42728100,1,58
29,692000,0.01698112541445223272157842627,0.02427272,2.42727200,1,449
29,693000,0.01697240698247764842939193630,0.02427271,2.42727100,1,449
29,694000,0.01697240698247764842939193630,0.02427270,2.42727000,1,449
29,695000,0.02427268538368043659796846073,0.02427269,2.42726900,1,694
29,696000,0.02423738247388309820935839866,0.02423739,2.42373900,1,694
29,697000,0.02422545784001392051467924662,0.02422546,2.42254600,1,694
30,665000,0.01766246675363176699331272654,0.03843356,3.84335600,1,950
30,666000,0.03827826047365922048760562856,0.03843355,3.84335500,3,940
30,667000,0.03827826047365922048760562856,0.03843354,3.84335400,2,940
30,668000,0.03825939552135479502966708146,0.03843353,3.84335300,3,940
30,669000,0.03825939552135479502966708146,0.03843352,3.84335200,3,940
30,670000,0.03816774626239463651583884856,0.03843351,3.84335100,4,940
30,671000,0.03814590260186555060730306368,0.03843350,3.84335000,4,940
30,672000,0.03812716785385749356695552750,0.03843349,3.84334900,3,940
30,673000,0.03843347387729388339352683264,0.03843348,3.84334800,3,940
30,674000,0.03837725492005197724439524654,0.03837726,3.83772600,3,940
30,675000,0.03831031567495479760804527069,0.03831032,3.83103200,5,940
30,676000,0.03827546471473174260653886726,0.03827548,3.82754800,5,940
30,677000,0.03827546471473174260653886726,0.03827547,3.82754700,5,940
30,678000,0.03825675872713670954927546468,0.03825676,3.82567600,4,940
30,679000,0.03824094586352910722374036789,0.03824095,3.82409500,3,940
30,680000,0.03054195083754106116686488491,0.03722764,3.72276400,3,181
30,681000,0.03053032213717456336423972226,0.03722763,3.72276300,6,181
30,682000,0.03722761310951240147068513000,0.03722762,3.72276200,6,593
30,683000,0.03716971657569722000868187600,0.03716972,3.71697200,6,593
30,684000,0.03715343180239944199277632528,0.03715344,3.71534400,6,593
30,685000,0.03076178342918354359213782450,0.03715307,3.71530700,5,674
30,686000,0.03076178342918354359213782450,0.03715306,3.71530600,4,674
30,687000,0.03074809049683533752798112432,0.03715305,3.71530500,4,674
30,688000,0.03118085580679392342521803890,0.03715304,3.71530400,5,675
30,689000,0.03116632107109518047050371868,0.03715303,3.71530300,8,675
30,690000,0.03116632107109518047050371868,0.03715302,3.71530200,10,675
30,691000,0.03109036306844485872362709476,0.03715301,3.71530100,10,675
30,692000,0.03113556881128196313436849223,0.03715300,3.71530000,11,1
30,693000,0.03112071212999202584824677182,0.03715299,3.71529900,12,1
30,694000,0.03105082523412878133006024830,0.03715298,3.71529800,14,675
30,695000,0.03104845831087253204957408309,0.03715297,3.71529700,17,675
30,696000,0.03715295225934495573801167841,0.03715296,3.71529600,16,286
30,697000,0.03713686633874388281136667463,0.03713687,3.71368700,14,286
30,698000,0.03713405973632564980484005006,0.03713406,3.71340600,14,286
30,699000,0.02980312673896535877322181036,0.02980313,2.98031300,12,48
30,700000,0.02979259290579878978940919884,0.02979261,2.97926100,10,48
30,701000,0.02979259290579878978940919884,0.02979260,2.97926000,9,48
30,702000,0.02973906279119294500841892530,0.02973907,2.97390700,9,48
30,703000,0.02969768968328751506212924456,0.02969769,2.96976900,10,48
30,704000,0.02967353232264030757258493850,0.02967355,2.96735500,11,48
30,705000,0.02967353232264030757258493850,0.02967354,2.96735400,12,48
30,706000,0.02966032491142190202710673726,0.02966033,2.96603300,12,48
30,707000,0.02965016767931812906855430557,0.02965017,2.96501700,11,48
30,708000,0.02282352848351359621396481068,0.02946856,2.94685600,9,589
30,709000,0.02282352848351359621396481068,0.02946855,2.94685500,8,589
30,710000,0.02946852104397979444205342636,0.02946854,2.94685400,10,210
30,711000,0.02946852104397979444205342636,0.02946853,2.94685300,9,210
30,712000,0.02945473118599592966605949316,0.02945475,2.94547500,8,210
30,713000,0.02945473118599592966605949316,0.02945474,2.94547400,7,210
30,714000,0.02938343183189096514083541751,0.02938344,2.93834400,6,210
30,715000,0.02936794605444162423490850733,0.02936795,2.93679500,5,210
30,716000,0.02935425014252185649012491936,0.02935426,2.93542600,5,210
30,717000,0.01513040139866735382283188666,0.01513042,1.51304200,5,405
30,718000,0.01513040139866735382283188666,0.01513041,1.51304100,5,405
30,719000,0.01512279340188409427035022735,0.01512281,1.51228100,5,405
30,720000,0.01512279340188409427035022735,0.01512280,1.51228000,5,405
30,721000,0.01508605482682043100971781327,0.01508606,1.50860600,4,405
30,722000,0.01507862262554394589110433416,0.01507863,1.50786300,3,405
30,723000,0.01507106659834341758562591402,0.01507107,1.50710700,3,405
30,724000,0.01506636030151889592497614594,0.01506637,1.50663700,3,405
30,725000,0.01506523727876637202518956541,0.01506524,1.50652400,2,405
30,726000,0.01503949377469095149296172842,0.01503950,1.50395000,2,405
30,727000,0.01501822455433415676010114928,0.01501823,1.50182300,2,405
30,728000,0.01501072718704323641819774582,0.01501074,1.50107400,2,405
30,729000,0.01501072718704323641819774582,0.01501073,1.50107300,1,405
30,730000,0.01499743720934035712177171658,0.01499744,1.49974400,1,405
30,731000,0.01499215341455577327722959312,0.01499216,1.49921600,1,405
31,666000,0.02226029344518752330944493868,0.05190312,5.19031200,1,721
31,668000,0.02170013942260861077737561576,0.05190310,5.19031000,1,559
31,669000,0.03462947421893657061600382970,0.05190309,5.19030900,3,887
31,670000,0.03501960006739666492659818996,0.05190308,5.19030800,4,72
31,671000,0.03504677704008939803701216852,0.05190307,5.19030700,6,557
31,672000,0.03503074294927186424916177950,0.05190306,5.19030600,7,557
31,673000,0.03503074294927186424916177950,0.05190305,5.19030500,9,557
31,674000,0.03668540002160473989985328082,0.05190304,5.19030400,9,386
31,675000,0.03668540002160473989985328082,0.05190303,5.19030300,9,386
31,676000,0.03666772713103512135593604944,0.05190302,5.19030200,12,386
31,677000,0.03666772713103512135593604944,0.05190301,5.19030100,13,386
31,678000,0.04239071288659705545555797902,0.05190300,5.19030000,18,979
31,679000,0.04449619626507453260806030054,0.05190299,5.19029900,19,886
31,680000,0.04447339349146591789256483734,0.05190298,5.19029800,18,886
31,681000,0.04447339349146591789256483734,0.05190297,5.19029700,19,886
31,682000,0.04438493939360999052500291792,0.05190296,5.19029600,19,886
31,683000,0.04434377882946951016225169754,0.05190295,5.19029500,23,886
31,684000,0.04434377882946951016225169754,0.05190294,5.19029400,26,886
31,685000,0.04430558693460260553544641326,0.05190293,5.19029300,27,886
31,686000,0.0518002188763216079665000609,0.05190292,5.19029200,31,612
31,687000,0.05177893780433071059740361415,0.05190291,5.19029100,31,612
31,688000,0.0517746497420456713333020062,0.05190290,5.19029000,40,612
31,689000,0.0517746497420456713333020062,0.05190289,5.19028900,45,612
31,690000,0.05162840946304908905743255305,0.05190288,5.19028800,46,612
31,691000,0.05162840946304908905743255305,0.05190287,5.19028700,52,612
31,692000,0.05160300961977988325490770985,0.05190286,5.19028600,58,612
31,693000,0.05190284442052654732546124405,0.05190285,5.19028500,58,612
31,694000,0.05183217080658364733109629935,0.05183218,5.18321800,56,612
31,695000,0.0517375405012596980424076000,0.05173755,5.17375500,54,612
31,696000,0.05169210263363192922085817455,0.05169211,5.16921100,56,612
31,697000,0.04372697107545924684568143953,0.04372698,4.37269800,55,29
31,698000,0.04365791102320394025127128886,0.04365792,4.36579200,57,29
31,699000,0.04362188505348605738019406740,0.04362190,4.36219000,58,29
31,700000,0.04362188505348605738019406740,0.04362189,4.36218900,61,29
31,701000,0.04360077718487216324583743934,0.04360078,4.36007800,61,29
31,702000,0.04358606007836639257523858076,0.04358607,4.35860700,60,29
31,703000,0.04226802027909679732005447210,0.04226803,4.22680300,55,310
31,704000,0.04218792789505629368296496857,0.04224222,4.22422200,50,310
31,705000,0.04217039156335234318049005698,0.04224221,4.22422100,50,310
31,706000,0.04216700011367723322770067735,0.04224220,4.22422000,48,310
31,707000,0.04215086796955627576990120344,0.04224219,4.22421900,48,310
31,708000,0.04180450556381067062738315936,0.04224218,4.22421800,46,579
31,709000,0.04180450556381067062738315936,0.04224217,4.22421700,47,579
31,710000,0.04170746438209200885040985434,0.04224216,4.22421600,48,579
31,711000,0.04224214369303489201403364690,0.04224215,4.22421500,47,579
31,712000,0.04223916613059266045645897086,0.04223917,4.22391700,47,579
31,713000,0.04220618054468071763629276659,0.04220620,4.22062000,46,579
31,714000,0.04220618054468071763629276659,0.04220619,4.22061900,41,579
31,715000,0.04213266650549990802765114520,0.04213267,4.21326700,40,579
31,716000,0.04207514832489989621262071738,0.04207515,4.20751500,37,579
31,717000,0.04203837203564264465064580980,0.04203839,4.20383900,35,579
31,718000,0.04203837203564264465064580980,0.04203838,4.20383800,34,579
31,719000,0.04201781435990431752889300482,0.04201783,4.20178300,26,579
31,720000,0.04201781435990431752889300482,0.04201782,4.20178200,24,579
31,721000,0.04075784207287783367965952024,0.04075785,4.07578500,23,740
31,722000,0.04075476265993465907259422389,0.04075477,4.07547700,23,740
31,723000,0.04068388109589458861366845558,0.04068389,4.06838900,23,740
31,724000,0.04062221048573928474763821734,0.04062222,4.06222200,20,740
31,725000,0.04058842321234783784050674920,0.04058844,4.05884400,18,740
31,726000,0.04058842321234783784050674920,0.04058843,4.05884300,16,740
31,727000,0.04056933581753853981769683300,0.04056934,4.05693400,16,740
31,728000,0.00879824350006129598200636276,0.01103698,1.10369800,14,389
31,729000,0.01103696783382018180927905745,0.01103697,1.10369700,15,840
31,730000,0.01099699363552808210842826576,0.01099700,1.09970000,14,840
31,731000,0.01009129092479018763140989839,0.01009130,1.00913000,14,840
31,732000,0.009000958671237277216963091675,0.00915911,0.91591100,14,579
31,733000,0.00885488851610858653733932011,0.00915910,0.91591000,12,579
31,734000,0.00905891056689961682719031141,0.00915909,0.91590900,12,937
31,735000,0.009131551204701814961075338185,0.00915908,0.91590800,11,348
31,736000,0.009108587523468927889789206575,0.00915907,0.91590700,11,973
31,737000,0.00900044010806693053363458188,0.00915906,0.91590600,11,937
31,738000,0.009159042986381476919222649825,0.00915905,0.91590500,11,348
31,739000,0.00890507569334793099170748729,0.00890508,0.89050800,10,836
31,740000,0.00890499776057460232757762024,0.00890500,0.89050000,8,836
31,741000,0.007967414241107130720391053735,0.00796743,0.79674300,7,348
31,742000,0.007967414241107130720391053735,0.00796742,0.79674200,6,348
31,743000,0.007899761047054876061350170555,0.00789977,0.78997700,5,348
31,744000,0.007887232753153092876405150755,0.00788724,0.78872400,3,348
31,745000,0.00751483741512326228605616051,0.00775284,0.77528400,2,836
31,746000,0.00708295475278951706953149537,0.00775283,0.77528300,1,348
31,747000,0.00708295475278951706953149537,0.00775282,0.77528200,1,348
31,748000,0.00766044927446274315752838001,0.00775281,0.77528100,1,348
31,749000,0.00775279748522128159463819313,0.00775280,0.77528000,1,348
31,750000,0.00747799165444585204421158293,0.00747800,0.74780000,1,348
31,751000,0.007288527157736702646998213745,0.00728853,0.72885300,1,348
31,752000,0.00724274273198486689360359471,0.00724276,0.72427600,1,348
31,753000,0.00724274273198486689360359471,0.00724275,0.72427500,1,348
31,754000,0.006986263056268592698802736455,0.00698627,0.69862700,1,348
32,665000,0.04755482030525645508244426378,0.05680733,5.68073300,1,905
32,666000,0.04755482030525645508244426378,0.05680732,5.68073200,1,905
32,667000,0.03362645140150453774307915233,0.05680731,5.68073100,1,64
32,668000,0.03362645140150453774307915233,0.05680730,5.68073000,1,64
32,669000,0.04152155014304014199294659187,0.05680729,5.68072900,6,509
32,670000,0.04150561921231005384729371658,0.05680728,5.68072800,6,509
32,671000,0.04150255187141165286090627441,0.05680727,5.68072700,9,509
32,672000,0.04150255187141165286090627441,0.05680726,5.68072600,9,509
32,673000,0.04790945618420599427080674917,0.05680725,5.68072500,8,297
32,674000,0.04788998510366975710869673836,0.05680724,5.68072400,8,297
32,675000,0.04788646574926983940514147126,0.05680723,5.68072300,14,297
32,676000,0.04788646574926983940514147126,0.05680722,5.68072200,16,297
32,677000,0.04833937786329275178597867974,0.05680721,5.68072100,21,297
32,678000,0.04833937786329275178597867974,0.05680720,5.68072000,22,297
32,679000,0.04831627266639716315588655986,0.05680719,5.68071900,26,297
32,680000,0.04862283089900922484058910302,0.05680718,5.68071800,32,297
32,681000,0.04855512907634492368407804418,0.05680717,5.68071700,39,297
32,682000,0.04920664231540467802259038236,0.05680716,5.68071600,43,160
32,683000,0.04918452539252916173838607144,0.05680715,5.68071500,47,160
32,684000,0.04842102995777958412501262526,0.05680714,5.68071400,51,297
32,685000,0.04839800017200974894530560962,0.05680713,5.68071300,54,297
32,686000,0.0567379687518202622570220095,0.05680712,5.68071200,62,827
32,687000,0.05671015497099131680071938025,0.05680711,5.68071100,64,827
32,688000,0.05671015497099131680071938025,0.05680710,5.68071000,71,827
32,689000,0.05656655465746198586541856235,0.05680709,5.68070900,87,827
32,690000,0.0565394211928233109298322762,0.05680708,5.68070800,93,827
32,691000,0.0565118016858426479255924464,0.05680707,5.68070700,99,827
32,692000,0.0568070531357638596973280181,0.05680706,5.68070600,104,827
32,693000,0.05677932511553087032815408495,0.05677933,5.67793300,112,827
32,694000,0.0567103587811365290120895420,0.05671036,5.67103600,123,827
32,695000,0.05663014252702163151944151195,0.05663015,5.66301500,128,827
32,696000,0.0565831894530406448085158227,0.05658319,5.65831900,143,827
32,697000,0.05611577225191790328218249865,0.05611578,5.61157800,135,612
32,698000,0.05495745382340355345875306145,0.05610519,5.61051900,137,804
32,699000,0.0549275126642444818082486900,0.05610518,5.61051800,138,804
32,700000,0.0549010290434623800071544762,0.05610517,5.61051700,142,804
32,701000,0.05488348527144053621614122465,0.05610516,5.61051600,145,804
32,702000,0.0548570440795529063317616719,0.05610515,5.61051500,141,804
32,703000,0.0547890656361429429883343167,0.05610514,5.61051400,144,804
32,704000,0.0546787771235597720146553188,0.05610513,5.61051300,151,804
32,705000,0.05465514321508405637449734195,0.05610512,5.61051200,147,804
32,706000,0.05462892152944835473748184465,0.05610511,5.61051100,153,804
32,707000,0.05462892152944835473748184465,0.05610510,5.61051000,150,804
32,708000,0.0561050837279285321005314393,0.05610509,5.61050900,153,804
32,709000,0.05372676003431659696102919595,0.05372677,5.37267700,154,92
32,710000,0.05370180213913405902256507795,0.05370183,5.37018300,162,92
32,711000,0.05370180213913405902256507795,0.05370182,5.37018200,158,92
32,712000,0.05370180213913405902256507795,0.05370181,5.37018100,152,92
32,713000,0.04737630135101789818873452964,0.04737631,4.73763100,147,583
32,714000,0.04731521244622167937470099019,0.04731522,4.73152200,140,583
32,715000,0.04724244534919860272050039804,0.04724245,4.72424500,135,583
32,716000,0.04720547233585579035898558114,0.04720548,4.72054800,130,583
32,717000,0.04720211645179772902037259207,0.04720212,4.72021200,130,583
32,718000,0.04718265678361450783785675591,0.04718266,4.71826600,124,583
32,719000,0.04716608073672189486047436294,0.04716609,4.71660900,123,583
32,720000,0.04677598871769140869663493700,0.04677599,4.67759900,120,453
32,721000,0.04669212736282251476282920793,0.04669213,4.66921300,111,453
32,722000,0.04667261997728860931480612296,0.04667262,4.66726200,108,453
32,723000,0.04666943285463834881316799016,0.04666944,4.66694400,105,453
32,724000,0.04665035549457999059838164125,0.04665036,4.66503600,103,453
32,725000,0.04028668102318664864311896896,0.04028669,4.02866900,95,186
32,726000,0.04023512717734969987878647965,0.04023513,4.02351300,90,186
32,727000,0.04015698317128585858296013330,0.04015699,4.01569900,80,186
32,728000,0.04014159702776837447009281932,0.04014160,4.01416000,77,186
32,729000,0.04013870472514720997004802254,0.04013871,4.01387100,72,186
32,730000,0.04012259616852257665485291168,0.04012260,4.01226000,69,186
32,731000,0.04010860116259679922321429635,0.04010861,4.01086100,65,186
32,732000,0.03557632782557093310083569878,0.03601598,3.60159800,61,433
32,733000,0.03601596026850178607384484987,0.03601597,3.60159700,57,433
32,734000,0.03599746221980218083280295746,0.03599747,3.59974700,51,433
32,735000,0.03598005287707244694432195414,0.03598006,3.59800600,50,433
32,736000,0.03596736710696492011718930810,0.03596737,3.59673700,47,433
32,737000,0.03594998685465457612610929084,0.03594999,3.59499900,43,433
32,738000,0.03590334283840050076857731102,0.03590335,3.59033500,36,433
32,739000,0.03585151773918995055501375931,0.03585152,3.58515200,32,433
32,740000,0.03582410673116547708290641025,0.03582412,3.58241200,30,433
32,741000,0.03582410673116547708290641025,0.03582411,3.58241100,30,433
32,742000,0.03580686462329828341861626140,0.03580687,3.58068700,28,433
32,743000,0.03579320807329627237388882560,0.03579321,3.57932100,27,433
32,744000,0.00907650954678435981457630433,0.01122738,1.12273800,26,384
32,745000,0.00904958599607580452583236849,0.01122737,1.12273700,21,384
32,746000,0.00839114289411956293403975982,0.01122736,1.12273600,21,18
32,747000,0.00881196593720176430549306702,0.01122735,1.12273500,18,18
32,748000,0.00912148454590746825787422686,0.01122734,1.12273400,17,937
32,749000,0.01107270995408765488247164442,0.01122733,1.12273300,17,937
32,750000,0.01122731137493515414260674042,0.01122732,1.12273200,14,937
32,751000,0.01049009392067333269171390636,0.01108059,1.10805900,13,937
32,752000,0.01022565929959586541545198972,0.01108058,1.10805800,11,937
32,753000,0.01108056838018306404536565010,0.01108057,1.10805700,10,836
32,754000,0.00849000460222022317029106902,0.00900977,0.90097700,10,433
32,755000,0.00900975711339720925066796695,0.00900976,0.90097600,9,433
32,756000,0.00886917659492251017976345991,0.00886918,0.88691800,7,433
32,757000,0.008841685748020151377553450985,0.00884169,0.88416900,7,433
32,758000,0.00723485330063092569273416894,0.00825312,0.82531200,6,937
32,759000,0.00749918649020893334501905132,0.00825311,0.82531100,3,18
32,760000,0.00750071887986698219541680196,0.00825310,0.82531000,3,18
32,761000,0.00724839263924059315228450880,0.00825309,0.82530900,3,18
32,762000,0.00710228889814845865891344254,0.00825308,0.82530800,3,418
32,763000,0.00696825841840511235066971707,0.00825307,0.82530700,3,18
32,764000,0.008253056862250603188468350085,0.00825306,0.82530600,2,418
32,765000,0.00813426216392131959958483511,0.00813427,0.81342700,2,418
32,766000,0.007329423425829116799124659775,0.00732943,0.73294300,1,937
33,669000,0.07027088046755666698411694925,0.07082257,7.08225700,2,261
33,670000,0.0702384293508605132361832060,0.07082256,7.08225600,2,261
33,671000,0.0702384293508605132361832060,0.07082255,7.08225500,3,261
33,672000,0.0700705591104236134504446511,0.07082254,7.08225400,3,261
33,673000,0.0705567899634573414420830162,0.07082253,7.08225300,5,261
33,674000,0.07052433618243085378246463295,0.07082252,7.08225200,9,261
33,675000,0.07082250523651130198689643055,0.07082251,7.08225100,11,261
33,676000,0.07078995465281039765472422975,0.07078996,7.07899600,13,261
33,677000,0.0706968470725462338675198666,0.07069685,7.06968500,16,261
33,678000,0.07056664333547182776576628525,0.07056665,7.05666500,17,261
33,679000,0.0705385244605272482209496641,0.07053853,7.05385300,21,261
33,680000,0.0705327983018563636914139273,0.07053280,7.05328000,27,261
33,681000,0.0705062343335887256828741138,0.07050624,7.05062400,30,261
33,682000,0.0602088893397745638215235280,0.06191707,6.19170700,37,60
33,683000,0.0600585531960911545091076037,0.06191706,6.19170600,41,60
33,684000,0.0605862223724625638966072914,0.06191705,6.19170500,48,60
33,685000,0.06055818888062390869833617085,0.06191704,6.19170400,60,60
33,686000,0.06085497175001934588538515535,0.06191703,6.19170300,61,60
33,687000,0.0608268358167057110153424268,0.06191702,6.19170200,69,60
33,688000,0.06075258803553462838856415085,0.06191701,6.19170100,76,60
33,689000,0.0612836623483142552059748968,0.06191700,6.19170000,79,164
33,690000,0.06125541987526429287075539485,0.06191699,6.19169900,91,164
33,691000,0.06125541987526429287075539485,0.06191698,6.19169800,102,164
33,692000,0.0611418342893281352523307465,0.06191697,6.19169700,111,164
33,693000,0.0619169546400284457095100290,0.06191696,6.19169600,124,60
33,694000,0.0615957279571899814490423069,0.06159573,6.15957300,131,164
33,695000,0.0600305850155664795391192109,0.06003059,6.00305900,144,37
33,696000,0.0600015122051599256128946885,0.06000152,6.00015200,152,37
33,697000,0.0599815695823653785474003739,0.05998157,5.99815700,169,37
33,698000,0.05847558477967723328767782365,0.05853367,5.85336700,176,375
33,699000,0.0584024737319206550774549293,0.05853366,5.85336600,193,375
33,700000,0.0583226695841745445082944645,0.05853365,5.85336500,202,375
33,701000,0.05827582197258262340179072105,0.05853364,5.85336400,216,375
33,702000,0.05827101826532660892442092975,0.05853363,5.85336300,232,375
33,703000,0.0585336157382086475089452072,0.05853362,5.85336200,236,685
33,704000,0.05850590404398155064166418495,0.05850591,5.85059100,237,685
33,705000,0.05842606883860956164959855915,0.05842607,5.84260700,253,685
33,706000,0.05274584105461547816359674575,0.05822159,5.82215900,254,754
33,707000,0.05267730833434491829057706605,0.05822158,5.82215800,255,754
33,708000,0.05263201241758061483409010105,0.05822157,5.82215700,265,754
33,709000,0.05263201241758061483409010105,0.05822156,5.82215600,274,754
33,710000,0.05260771879645776888921631615,0.05822155,5.82215500,272,754
33,711000,0.05258693836605102197651121235,0.05822154,5.82215400,278,754
33,712000,0.05245713059466304470678618525,0.05822153,5.82215300,283,988
33,713000,0.0576522725089872082976849937,0.05822152,5.82215200,294,92
33,714000,0.0576479703624405445148486064,0.05822151,5.82215100,298,92
33,715000,0.0576479703624405445148486064,0.05822150,5.82215000,295,92
33,716000,0.05799893209101589248774441195,0.05822149,5.82214900,292,92
33,717000,0.05796760595908358414948907815,0.05822148,5.82214800,294,92
33,718000,0.05794089560259413417596206885,0.05822147,5.82214700,292,92
33,719000,0.0582214582599672499087971375,0.05822146,5.82214600,295,92
33,720000,0.05819465127136663290755980005,0.05819466,5.81946600,285,92
33,721000,0.05012968880002109592984850335,0.05093193,5.09319300,284,298
33,722000,0.04980071140981201001140034474,0.05093192,5.09319200,275,545
33,723000,0.04955222958631503823489732848,0.05093191,5.09319100,264,36
33,724000,0.04953485570901704560488109518,0.05093190,5.09319000,262,36
33,725000,0.04953111789169838800490530376,0.05093189,5.09318900,258,36
33,726000,0.04966756644488996056121955556,0.05093188,5.09318800,244,545
33,727000,0.04964836845039468854749004344,0.05093187,5.09318700,247,545
33,728000,0.04326932412376346148522263881,0.05093186,5.09318600,240,126
33,729000,0.0509318475743619198206804879,0.05093185,5.09318500,230,77
33,730000,0.05090662921838635617498044865,0.05090664,5.09066400,229,77
33,731000,0.05090662921838635617498044865,0.05090663,5.09066300,216,77
33,732000,0.05078542990765562973346428595,0.05078543,5.07854300,205,77
33,733000,0.04249639932313819439956891543,0.04249640,4.24964000,198,191
33,734000,0.04212896348145372183317152952,0.04219205,4.21920500,188,28
33,735000,0.04075637094421559563278685348,0.04219204,4.21920400,183,917
33,736000,0.04073632727047801825060228190,0.04219203,4.21920300,179,917
33,737000,0.04073632727047801825060228190,0.04219202,4.21920200,168,917
33,738000,0.04219200807264408106209167056,0.04219201,4.21920100,164,917
33,739000,0.03551640932408240870008573247,0.03551641,3.55164100,159,457
33,740000,0.03545683493554257988231786049,0.03545684,3.54568400,151,457
33,741000,0.03540575525581926852351805366,0.03540576,3.54057600,148,457
33,742000,0.03537380612036435932004954962,0.03537382,3.53738200,142,457
33,743000,0.03537380612036435932004954962,0.03537381,3.53738100,135,457
33,744000,0.03535666059881589069183776474,0.03535668,3.53566800,132,457
33,745000,0.03535666059881589069183776474,0.03535667,3.53566700,130,457
33,746000,0.01096497022141351045599504269,0.01164141,1.16414100,124,189
33,747000,0.01047032437587860973394469120,0.01164140,1.16414000,113,13
33,748000,0.01028692814474927788970894411,0.01164139,1.16413900,110,840
33,749000,0.01164137885331983172637804615,0.01164138,1.16413800,100,210
33,750000,0.01152848580389881914805663110,0.01152849,1.15284900,89,343
33,751000,0.01147738040355518210816876247,0.01147739,1.14773900,82,343
33,752000,0.01123882370865430578097487453,0.01143181,1.14318100,80,204
33,753000,0.01143179561187695233530019437,0.01143180,1.14318000,72,774
33,754000,0.01142188631013878678132766846,0.01142189,1.14218900,65,774
33,755000,0.01133688508400089749359599080,0.01133962,1.13396200,63,774
33,756000,0.01085081219426543930450871850,0.01133961,1.13396100,62,250
33,757000,0.01027636587898344382998804646,0.01133960,1.13396000,56,836
33,758000,0.01061909182437390137235164879,0.01133959,1.13395900,53,384
33,759000,0.01133957124486958292453670434,0.01133958,1.13395800,52,740
33,760000,0.01128818964075993414059782540,0.01128819,1.12881900,49,740
33,761000,0.01062835229694895464039655858,0.01082444,1.08244400,43,740
33,762000,0.01082442035217165275200258154,0.01082443,1.08244300,42,913
33,763000,0.01000847864700252221856420958,0.01082348,1.08234800,40,913
33,764000,0.01026625958420296125974582014,0.01082347,1.08234700,38,18
33,765000,0.01034455206406485934331546346,0.01082346,1.08234600,36,913
33,766000,0.01022995217635921984343383172,0.01082345,1.08234500,35,913
33,767000,0.01082343331075161216859322033,0.01082344,1.08234400,33,418
33,768000,0.01079937957372215946930526400,0.01079939,1.07993900,27,418
33,769000,0.01079937957372215946930526400,0.01079938,1.07993800,26,418
33,770000,0.01047619956999474650531229552,0.01047620,1.04762000,23,937
33,771000,0.00979050819763536549214506505,0.00979051,0.97905100,21,937
33,772000,0.009663248687211941555558268035,0.00966325,0.96632500,20,937
33,773000,0.009564117049829436886999864925,0.00956413,0.95641300,16,937
33,774000,0.009564117049829436886999864925,0.00956412,0.95641200,15,937
33,775000,0.00866041283462732782081252179,0.00873149,0.87314900,14,937
33,776000,0.00850544357193435332578701556,0.00873148,0.87314800,11,973
33,777000,0.008438147229507710386596718575,0.00873147,0.87314700,11,973
33,778000,0.00837615857135950287764369818,0.00873146,0.87314600,9,657
33,779000,0.008719772303933928495167261105,0.00873145,0.87314500,9,836
33,780000,0.008731433323375710464122739235,0.00873144,0.87314400,8,210
33,781000,0.00837185765566618263838956007,0.00837186,0.83718600,6,720
33,782000,0.008347657180888212377003999665,0.00834766,0.83476600,6,720
33,783000,0.008230546751755537221423605505,0.00823055,0.82305500,4,720
33,784000,0.00779349023248758757608177910,0.00779350,0.77935000,4,720
33,785000,0.00701728902448196801174669291,0.00701729,0.70172900,4,43
33,786000,0.005448904551279277926926000625,0.00654947,0.65494700,3,720
33,787000,0.005120758730386787275511442565,0.00654946,0.65494600,1,720
33,788000,0.00535229725013669222471413797,0.00654945,0.65494500,1,720
33,789000,0.00535229725013669222471413797,0.00654944,0.65494400,1,720
33,790000,0.00654942672260079427667522937,0.00654943,0.65494300,1,720
33,791000,0.00591772369326620243760813647,0.00591773,0.59177300,1,720
33,792000,0.00580983897084355886797127341,0.00580984,0.58098400,1,720
33,793000,0.00578916045143893791975165737,0.00578917,0.57891700,1,720
34,663000,0.05069518507700952502351400705,0.06590547,6.59054700,1,856
34,664000,0.05069518507700952502351400705,0.06590546,6.59054600,1,856
34,665000,0.05067162435357278435099992785,0.06590545,6.59054500,1,856
34,666000,0.05067162435357278435099992785,0.06590544,6.59054400,1,856
34,667000,0.0511441191229804592749063977,0.06590543,6.59054300,1,856
34,668000,0.05111928874010036908608980925,0.06590542,6.59054200,1,856
34,669000,0.0510956240472645529079844941,0.06590541,6.59054100,1,856
34,670000,0.0510776349486728067641959869,0.06590540,6.59054000,2,856
34,671000,0.0510094829621189229755279919,0.06590539,6.59053900,2,856
34,672000,0.05092374324165674808479761155,0.06590538,6.59053800,2,856
34,673000,0.0508776647598357879994242862,0.06590537,6.59053700,1,856
34,674000,0.0508776647598357879994242862,0.06590536,6.59053600,1,856
34,675000,0.05085422319736575786377287545,0.06590535,6.59053500,4,856
34,676000,0.05083677426977838232617293385,0.06590534,6.59053400,4,856
34,677000,0.05039452851888341657914326405,0.06590533,6.59053300,5,55
34,678000,0.0503709264353841630375805271,0.06590532,6.59053200,6,55
34,679000,0.0503709264353841630375805271,0.06590531,6.59053100,5,55
34,680000,0.0561916517864001638609679196,0.06590530,6.59053000,7,905
34,681000,0.06529517801789745369591683625,0.06590529,6.59052900,11,138
34,682000,0.06526556457502083789174961135,0.06590528,6.59052800,15,138
34,683000,0.06526556457502083789174961135,0.06590527,6.59052700,18,138
34,684000,0.0651212808595850523064553964,0.06590526,6.59052600,25,138
34,685000,0.06563705235892046204904919645,0.06590525,6.59052500,30,138
34,686000,0.06563153775122584751671271425,0.06590524,6.59052400,37,138
34,687000,0.06590521918512933983730678985,0.06590523,6.59052300,39,138
34,688000,0.06590521918512933983730678985,0.06590522,6.59052200,46,138
34,689000,0.06579079581625575840447433095,0.06579080,6.57908000,53,138
34,690000,0.0656936848141149212841077179,0.06569369,6.56936900,58,138
34,691000,0.06564001434941314879911100065,0.06564003,6.56400300,70,138
34,692000,0.06564001434941314879911100065,0.06564002,6.56400200,77,138
34,693000,0.06561049946432463370889590575,0.06561050,6.56105000,89,138
34,694000,0.06558686510734496550286907005,0.06558687,6.55868700,95,138
34,695000,0.06491141420243957052835976925,0.06523837,6.52383700,105,164
34,696000,0.06523835715552408405600787725,0.06523836,6.52383600,114,164
34,697000,0.06444879672427801677417106685,0.06444880,6.44488000,122,888
34,698000,0.0643349051596143641457466006,0.06433491,6.43349100,134,888
34,699000,0.0642502740664787885850357909,0.06425028,6.42502800,146,888
34,700000,0.0641916731109540527203954110,0.06419169,6.41916900,158,888
34,701000,0.0641916731109540527203954110,0.06419168,6.41916800,171,888
34,702000,0.06416030514528614195341678685,0.06416031,6.41603100,178,888
34,703000,0.0641381775764044348029319315,0.06413818,6.41381800,184,888
34,704000,0.0574169837228314438935322125,0.06187344,6.18734400,192,421
34,705000,0.05739200892598124244328797935,0.06187343,6.18734300,204,421
34,706000,0.0573736136483177630808831138,0.06187342,6.18734200,214,421
34,707000,0.05806468317031915771980146645,0.06187341,6.18734100,229,506
34,708000,0.05727574431021306946486907705,0.06187340,6.18734000,235,421
34,709000,0.0573539394981008928757760345,0.06187339,6.18733900,238,949
34,710000,0.0568534587047368099425391383,0.06187338,6.18733800,254,184
34,711000,0.05682888807927649393640955695,0.06187337,6.18733700,268,184
34,712000,0.0568085509451274164967110902,0.06187336,6.18733600,274,184
34,713000,0.05678401911195608525978214735,0.06187335,6.18733500,289,184
34,714000,0.05671406605812387803035699435,0.06187334,6.18733400,300,184
34,715000,0.0560009813606289761241041229,0.06187333,6.18733300,311,276
34,716000,0.0560009813606289761241041229,0.06187332,6.18733200,330,276
34,717000,0.0547575752845122312940037779,0.06187331,6.18733100,331,906
34,718000,0.0547575752845122312940037779,0.06187330,6.18733000,340,906
34,719000,0.05472978398104290257669971215,0.06187329,6.18732900,340,906
34,720000,0.05472978398104290257669971215,0.06187328,6.18732800,352,906
34,721000,0.05320968711158048315452525075,0.06187327,6.18732700,357,202
34,722000,0.05318503100509351352276934405,0.06187326,6.18732600,367,202
34,723000,0.0531186989467408626817817955,0.06187325,6.18732500,370,202
34,724000,0.0530489738762805157689889504,0.06187324,6.18732400,371,45
34,725000,0.0530299807050329870896093593,0.06187323,6.18732300,378,45
34,726000,0.06035585467278253639116011595,0.06187322,6.18732200,390,752
34,727000,0.0603261681245103158996737065,0.06187321,6.18732100,389,752
34,728000,0.0603261681245103158996737065,0.06187320,6.18732000,384,752
34,729000,0.0601826168563923729771550072,0.06187319,6.18731900,392,752
34,730000,0.06070606233792978997840521835,0.06187318,6.18731800,390,752
34,731000,0.06070606233792978997840521835,0.06187317,6.18731700,397,752
34,732000,0.0609510708863922817959926836,0.06187316,6.18731600,395,752
34,733000,0.0609510708863922817959926836,0.06187315,6.18731500,393,752
34,734000,0.06087267344388342478897232765,0.06187314,6.18731400,398,752
34,735000,0.0608516118409081261850133924,0.06187313,6.18731300,397,752
34,736000,0.06071337508583151439272402365,0.06187312,6.18731200,390,752
34,737000,0.06071337508583151439272402365,0.06187311,6.18731100,395,752
34,738000,0.0607087870565340775913054430,0.06187310,6.18731000,392,752
34,739000,0.06068376810100652922918713005,0.06187309,6.18730900,388,752
34,740000,0.06187307717595663608918336295,0.06187308,6.18730800,388,752
34,741000,0.0546278583275612315896104321,0.05462786,5.46278600,380,77
34,742000,0.04663367184575384865713650360,0.04663368,4.66336800,374,28
34,743000,0.04655971674801612928289342773,0.04655972,4.65597200,372,28
34,744000,0.01237624938728658169315542412,0.01463428,1.46342800,364,186
34,745000,0.01229375503111410553390104966,0.01463427,1.46342700,355,186
34,746000,0.01310925269494139926959216423,0.01463426,1.46342600,344,588
34,747000,0.01463423366150283165269733545,0.01463425,1.46342500,344,405
34,748000,0.01463423366150283165269733545,0.01463424,1.46342400,338,405
34,749000,0.01292294603172743520437624450,0.01358194,1.35819400,332,837
34,750000,0.01291199004380116731442469458,0.01358193,1.35819300,338,837
34,751000,0.01223896098849915256472363835,0.01358192,1.35819200,335,569
34,752000,0.01358190535512442668533504961,0.01358191,1.35819100,329,569
34,753000,0.01357573234915476330420706332,0.01357574,1.35757400,323,569
34,754000,0.01201101726664250977403337425,0.01201102,1.20110200,317,512
34,755000,0.01170903122618287135514255148,0.01183350,1.18335000,298,405
34,756000,0.01150915087903886673873349034,0.01183349,1.18334900,285,775
34,757000,0.01153720761241585236796760977,0.01183348,1.18334800,279,86
34,758000,0.01118112321177614147493362059,0.01183347,1.18334700,270,144
34,759000,0.01183345596336585697779497500,0.01183346,1.18334600,261,300
34,760000,0.01091234543854003812101659902,0.01164441,1.16444100,256,300
34,761000,0.01112979048356662957307730098,0.01164440,1.16444000,251,978
34,762000,0.01112099994785980610500096732,0.01164439,1.16443900,236,978
34,763000,0.01104633787064349324903797904,0.01164438,1.16443800,223,726
34,764000,0.01077780528049633667614963532,0.01164437,1.16443700,220,430
34,765000,0.01150372848037821155560209670,0.01164436,1.16443600,208,430
34,766000,0.01148247093845023693920326515,0.01164435,1.16443500,202,411
34,767000,0.01097480748334318266367173242,0.01164434,1.16443400,186,566
34,768000,0.01164432580532213598659956174,0.01164433,1.16443300,186,566
34,769000,0.009877297929950975335226727695,0.01106297,1.10629700,170,805
34,770000,0.01038415745080728945506063356,0.01106296,1.10629600,166,651
34,771000,0.01092807730840028830126565737,0.01106295,1.10629500,153,785
34,772000,0.01071341559700301706995418532,0.01106294,1.10629400,151,579
34,773000,0.01106292966332415480834414370,0.01106293,1.10629300,144,562
34,774000,0.01054621992572536899966079120,0.01066543,1.06654300,136,263
34,775000,0.01063750787974022994650817100,0.01066542,1.06654200,130,250
34,776000,0.01051748648788205469994787818,0.01066541,1.06654100,124,433
34,777000,0.01009772294106154072960504446,0.01066540,1.06654000,117,535
34,778000,0.00953920659034889649569040604,0.01066539,1.06653900,110,774
34,779000,0.01035842900722488082513273908,0.01066538,1.06653800,105,384
34,780000,0.01019320505005277520891841482,0.01066537,1.06653700,100,657
34,781000,0.01066535464866759185781395424,0.01066536,1.06653600,97,210
34,782000,0.01052408216563491139930417216,0.01052410,1.05241000,90,210
34,783000,0.01052408216563491139930417216,0.01052409,1.05240900,86,210
34,784000,0.009546536175918002691157270125,0.00981056,0.98105600,82,384
34,785000,0.009810548903941304244315018325,0.00981055,0.98105500,80,978
34,786000,0.009722330346277026847508234825,0.00972234,0.97223400,76,978
34,787000,0.00833668378000051670739215013,0.00964708,0.96470800,76,18
34,788000,0.008365846978860277424743288315,0.00964707,0.96470700,74,18
34,789000,0.00822965375626505184633548410,0.00964706,0.96470600,66,18
34,790000,0.00960244207605815041414729578,0.00964705,0.96470500,64,405
34,791000,0.008431824975124897326841510955,0.00964704,0.96470400,61,405
34,792000,0.00964702235722970977251723748,0.00964703,0.96470300,58,77
34,793000,0.00957520391698007014131214477,0.00957521,0.95752100,53,405
34,794000,0.008396684446490204526346071255,0.00867500,0.86750000,50,77
34,795000,0.008326913649877456457609701325,0.00867499,0.86749900,47,720
34,796000,0.00867497308692479628229300774,0.00867498,0.86749800,45,28
34,797000,0.00857228953082261026641043746,0.00857229,0.85722900,45,28
34,798000,0.00815100007088680480768080304,0.00815102,0.81510200,39,720
34,799000,0.00815100007088680480768080304,0.00815101,0.81510100,37,720
34,800000,0.007890973477938555616339936665,0.00797422,0.79742200,33,973
34,801000,0.007383765492710321341357026155,0.00797421,0.79742100,30,250
34,802000,0.007184751077197631713973276575,0.00797420,0.79742000,29,250
34,803000,0.00797418833619003478652130911,0.00797419,0.79741900,25,502
34,804000,0.007777538590445360350604320825,0.00778434,0.77843400,20,502
34,805000,0.00770883761931300248894059877,0.00778433,0.77843300,20,502
34,806000,0.007784315263040760453194001475,0.00778432,0.77843200,19,512
34,807000,0.007539738429394429380700974175,0.00754343,0.75434300,18,512
34,808000,0.00684699652937847560488642609,0.00754342,0.75434200,15,411
34,809000,0.006860446048188951266387145895,0.00754341,0.75434100,14,411
34,810000,0.00685779841804182130299778550,0.00754340,0.75434000,13,223
34,811000,0.00674813382835110456936971735,0.00754339,0.75433900,10,28
34,812000,0.006704966873690391180585622895,0.00754338,0.75433800,9,28
34,813000,0.006788180951755218861697470465,0.00754337,0.75433700,9,445
34,814000,0.006752463284840799056972053505,0.00754336,0.75433600,7,28
34,815000,0.00677726721800014547201740167,0.00754335,0.75433500,7,28
34,816000,0.007543327225741322589788834035,0.00754334,0.75433400,6,28
34,817000,0.007543327225741322589788834035,0.00754333,0.75433300,5,28
34,818000,0.007302770706966766719979086265,0.00730278,0.73027800,4,28
34,819000,0.00619349855821518756443949754,0.00701614,0.70161400,4,512
34,820000,0.005816141215531400875087538575,0.00701613,0.70161300,4,512
34,821000,0.00613512105041829790865250117,0.00701612,0.70161200,4,512
34,822000,0.006101935116004084918744317795,0.00701611,0.70161100,4,28
34,823000,0.006203689871898663362495068025,0.00701610,0.70161000,4,445
34,824000,0.00678461184559390946501733155,0.00701609,0.70160900,4,512
34,825000,0.006798821692449375005984338535,0.00701608,0.70160800,3,512
34,826000,0.007016064859806780224620618045,0.00701607,0.70160700,3,512
34,827000,0.00601483263977321888553392157,0.00700852,0.70085200,3,28
34,828000,0.006192068043888766072804474355,0.00700851,0.70085100,3,28
34,829000,0.006580315744770496877875460865,0.00700850,0.70085000,2,28
34,830000,0.00618335130856433989580073326,0.00700849,0.70084900,2,28
34,831000,0.00578684726743639171248345677,0.00700848,0.70084800,2,28
34,832000,0.00627412239971634552123931721,0.00700847,0.70084700,2,28
34,833000,0.005957094232436749995992419395,0.00700846,0.70084600,2,28
34,834000,0.006160245511475470877096823385,0.00700845,0.70084500,2,28
34,835000,0.00685016000316737688324783557,0.00700844,0.70084400,2,28
34,836000,0.006788707656838163879466133805,0.00700843,0.70084300,2,28
34,837000,0.007008419530579673891568905275,0.00700842,0.70084200,2,28
34,838000,0.005528550890348295332825631825,0.00552856,0.55285600,2,512
34,839000,0.005294890590587343218141301105,0.00529490,0.52949000,1,28
35,673000,0.05395678866007795310104471425,0.06844356,6.84435600,1,839
35,674000,0.05393160623078320216147849765,0.06844355,6.84435500,1,839
35,675000,0.05393160623078320216147849765,0.06844354,6.84435400,1,839
35,676000,0.0538243384947160897020133663,0.06844353,6.84435300,1,839
35,677000,0.0543050089194338139850912756,0.06844352,6.84435200,1,839
35,678000,0.0543050089194338139850912756,0.06844351,6.84435100,1,839
35,679000,0.0542605333978279559870613935,0.06844350,6.84435000,2,839
35,680000,0.0542605333978279559870613935,0.06844349,6.84434900,3,839
35,681000,0.05416936450989688191879284495,0.06844348,6.84434800,3,839
35,682000,0.0530846937478055236698243208,0.06844347,6.84434700,3,476
35,683000,0.0530846937478055236698243208,0.06844346,6.84434600,3,476
35,684000,0.05352688744176100142116221955,0.06844345,6.84434500,3,476
35,685000,0.05349932355778025326032226905,0.06844344,6.84434400,3,476
35,686000,0.0534745940634719093406366180,0.06844343,6.84434300,5,476
35,687000,0.05980751120315192024314000135,0.06844342,6.84434200,6,818
35,688000,0.0597799434477677114228142563,0.06844341,6.84434100,6,818
35,689000,0.0597799434477677114228142563,0.06844340,6.84434000,7,818
35,690000,0.0596350559244756238094316134,0.06844339,6.84433900,8,818
35,691000,0.0601422402025256455600426166,0.06844338,6.84433800,10,818
35,692000,0.0601146288426119226966002790,0.06844337,6.84433700,12,818
35,693000,0.06009231531498273671628059225,0.06844336,6.84433600,12,818
35,694000,0.06054882662203924848290910565,0.06844335,6.84433500,14,688
35,695000,0.0605192830445755297375379568,0.06844334,6.84433400,14,688
35,696000,0.0605192830445755297375379568,0.06844333,6.84433300,18,688
35,697000,0.0684433045148356746299435748,0.06844332,6.84433200,23,164
35,698000,0.0684433045148356746299435748,0.06844331,6.84433100,26,164
35,699000,0.0609227676391117668165826069,0.06092277,6.09227700,31,688
35,700000,0.0608734739308306706533247295,0.06087349,6.08734900,38,688
35,701000,0.0608734739308306706533247295,0.06087348,6.08734800,42,688
35,702000,0.06076176916198305347577002905,0.06076177,6.07617700,50,688
35,703000,0.05884336321986189849828138605,0.06036511,6.03651100,59,422
35,704000,0.06016563132177906764765613965,0.06036510,6.03651000,65,422
35,705000,0.05344562552767407145151253825,0.06036509,6.03650900,71,679
35,706000,0.05888048622566684056459156515,0.06036508,6.03650800,75,615
35,707000,0.0600534045637663469883485068,0.06036507,6.03650700,81,513
35,708000,0.05995884736666726313232916375,0.06036506,6.03650600,87,513
35,709000,0.0603650350338100885792270640,0.06036505,6.03650500,96,513
35,710000,0.0603650350338100885792270640,0.06036504,6.03650400,100,513
35,711000,0.0603361060153203730607518314,0.06034993,6.03499300,108,513
35,712000,0.06031530085824892682211553765,0.06034992,6.03499200,111,513
35,713000,0.06028641947740270969230184075,0.06034991,6.03499100,114,513
35,714000,0.06021230725302183930504377395,0.06034990,6.03499000,125,513
35,715000,0.0603498805586894957908457388,0.06034989,6.03498900,132,184
35,716000,0.0603457230490362840107320596,0.06034573,6.03457300,138,184
35,717000,0.0602498819213684152482952786,0.06024989,6.02498900,150,184
35,718000,0.05157406105435315769954323345,0.05886974,5.88697400,156,980
35,719000,0.05157406105435315769954323345,0.05886973,5.88697300,161,980
35,720000,0.05751923676626232611054326015,0.05886972,5.88697200,172,841
35,721000,0.05764177744184599885576679415,0.05886971,5.88697100,186,858
35,722000,0.05761327695603427269050722565,0.05886970,5.88697000,192,858
35,723000,0.0579135851753614657802415562,0.05886969,5.88696900,206,841
35,724000,0.0579135851753614657802415562,0.05886968,5.88696800,207,841
35,725000,0.0579992851235869889693785740,0.05886967,5.88696700,212,858
35,726000,0.05799514335949027956219044515,0.05886966,5.88696600,219,858
35,727000,0.0579505966259651378628338889,0.05886965,5.88696500,223,858
35,728000,0.0579505966259651378628338889,0.05886964,5.88696400,241,858
35,729000,0.05786585461835898081797336495,0.05886963,5.88696300,248,858
35,730000,0.05777034433935957158233144615,0.05886962,5.88696200,255,858
35,731000,0.0577192934326757973390122984,0.05886961,5.88696100,263,858
35,732000,0.0577192934326757973390122984,0.05886960,5.88696000,279,858
35,733000,0.05769100410708664522613502845,0.05886959,5.88695900,292,858
35,734000,0.05769100410708664522613502845,0.05886958,5.88695800,299,858
35,735000,0.0588695617448716608146440583,0.05886957,5.88695700,304,858
35,736000,0.04964724611378164199970756753,0.05103494,5.10349400,315,429
35,737000,0.05103492994002756922491803335,0.05103493,5.10349300,323,429
35,738000,0.04358009164503666251769473256,0.04453328,4.45332800,333,473
35,739000,0.04355883732455471159324660162,0.04453327,4.45332700,343,473
35,740000,0.04354472163647621156734842310,0.04453326,4.45332600,352,473
35,741000,0.04453324223623594586276778788,0.04453325,4.45332500,357,564
35,742000,0.03693748419718348344492832003,0.03693749,3.69374900,370,670
35,743000,0.01201631104284430186255870228,0.01445778,1.44577800,376,273
35,744000,0.01279058782471086189737891821,0.01445777,1.44577700,384,362
35,745000,0.01371200282948794785692122686,0.01445776,1.44577600,398,628
35,746000,0.01439271182537790717256200836,0.01445775,1.44577500,415,813
35,747000,0.01408684503077807343338556856,0.01445774,1.44577400,425,194
35,748000,0.01214507171129653598489374123,0.01445773,1.44577300,431,580
35,749000,0.01277786919928839165951678966,0.01445772,1.44577200,443,577
35,750000,0.01316136597331661504537016896,0.01445771,1.44577100,447,367
35,751000,0.01321698383692909781682702896,0.01445770,1.44577000,450,613
35,752000,0.01322457620499846856364091466,0.01445769,1.44576900,450,212
35,753000,0.01445767619805489456266725546,0.01445768,1.44576800,457,212
35,754000,0.01376907889041782499673403214,0.01399876,1.39987600,462,145
35,755000,0.01397573622512128263396144686,0.01399875,1.39987500,476,145
35,756000,0.01396655552930235285216123982,0.01399874,1.39987400,480,145
35,757000,0.01282405607539797317380043392,0.01399873,1.39987300,484,325
35,758000,0.01294368718727057596615240772,0.01399872,1.39987200,489,840
35,759000,0.01278002231686733781022468919,0.01399871,1.39987100,493,931
35,760000,0.01252610389303560041277067968,0.01399870,1.39987000,487,426
35,761000,0.01318211554386882245580167252,0.01399869,1.39986900,485,338
35,762000,0.01174627064800086499042895716,0.01399868,1.39986800,496,314
35,763000,0.01164227278617687408853654802,0.01399867,1.39986700,499,762
35,764000,0.01159370940202629554547156424,0.01399866,1.39986600,494,233
35,765000,0.01178350313263575415559422152,0.01399865,1.39986500,497,216
35,766000,0.01110804538955540442751336408,0.01399864,1.39986400,497,578
35,767000,0.01155627928014592550135306580,0.01399863,1.39986300,508,630
35,768000,0.01220452752153767384557138716,0.01399862,1.39986200,502,630
35,769000,0.01063720244433329052487912402,0.01399861,1.39986100,508,176
35,770000,0.01166687757135435872308111452,0.01399860,1.39986000,504,511
35,771000,0.01059391521470997724729006740,0.01399859,1.39985900,511,883
35,772000,0.01140021217479180251203151960,0.01399858,1.39985800,505,883
35,773000,0.01112183675441032918805870794,0.01399857,1.39985700,500,569
35,774000,0.01204807751038077965863812260,0.01399856,1.39985600,496,453
35,775000,0.01247375367648370488414321737,0.01399855,1.39985500,491,579
35,776000,0.01226708418455471094201109120,0.01399854,1.39985400,484,437
35,777000,0.01399852343938458655040722663,0.01399853,1.39985300,481,433
35,778000,0.01399131080442828654381453986,0.01399132,1.39913200,472,433
35,779000,0.01114512639536474685178279240,0.01275657,1.27565700,468,986
35,780000,0.01179458961157249618833424240,0.01275656,1.27565600,464,45
35,781000,0.01150430064150855406883490508,0.01275655,1.27565500,457,13
35,782000,0.01212533126653683854533115101,0.01275654,1.27565400,452,13
35,783000,0.01226536934778096797587866592,0.01275653,1.27565300,450,740
35,784000,0.01275651828959422336555811136,0.01275652,1.27565200,446,740
35,785000,0.009989810322706699554223633115,0.01112272,1.11227200,432,934
35,786000,0.00991951178765596984687896274,0.01112271,1.11227100,431,191
35,787000,0.009898019117270737849153107925,0.01112270,1.11227000,423,433
35,788000,0.01111835748535786961110039714,0.01112269,1.11226900,407,210
35,789000,0.01040246811809503629445026094,0.01112268,1.11226800,403,567
35,790000,0.01112266837731901304106271262,0.01112267,1.11226700,399,567
35,791000,0.01077269971152162855717196026,0.01107569,1.10756900,392,43
35,792000,0.01083473718420170009219216308,0.01107568,1.10756800,385,43
35,793000,0.01107566322816859296446326364,0.01107567,1.10756700,377,43
35,794000,0.01107172717476815083577511535,0.01107174,1.10717400,370,43
35,795000,0.01107172717476815083577511535,0.01107173,1.10717300,363,43
35,796000,0.00988333454073102913596154064,0.00988334,0.98833400,359,332
35,797000,0.009742924830509339419694597025,0.00981434,0.98143400,349,332
35,798000,0.00974420400805755670918758010,0.00981433,0.98143300,347,754
35,799000,0.009652258878289967896131245375,0.00981432,0.98143200,340,433
35,800000,0.009814304938306854896582199335,0.00981431,0.98143100,339,136
35,801000,0.00962071370316547497667841394,0.00973898,0.97389800,338,433
35,802000,0.00968022251724353074221717727,0.00973897,0.97389700,328,743
35,803000,0.009683027214186669618378344215,0.00973896,0.97389600,319,743
35,804000,0.009647092863051735204473469555,0.00973895,0.97389500,313,830
35,805000,0.00973893838530169590982833694,0.00973894,0.97389400,301,743
35,806000,0.009468469829205396268072582935,0.00970283,0.97028300,293,189
35,807000,0.00913844138897652523749121765,0.00970282,0.97028200,286,723
35,808000,0.009702805369932931812481785855,0.00970281,0.97028100,278,566
35,809000,0.009614850421435539494294045115,0.00963475,0.96347500,270,566
35,810000,0.009406130687608504165758835055,0.00963474,0.96347400,266,566
35,811000,0.009634726990900804325609569825,0.00963473,0.96347300,257,566
35,812000,0.00943982787009206232068949907,0.00962101,0.96210100,248,651
35,813000,0.009423133840731647934881969775,0.00962100,0.96210000,238,651
35,814000,0.00924604712299446336589951704,0.00962099,0.96209900,230,651
35,815000,0.00960171223979457352503750325,0.00962098,0.96209800,215,651
35,816000,0.009213043879119521610793090455,0.00962097,0.96209700,209,323
35,817000,0.00900884219354451046097914984,0.00962096,0.96209600,199,600
35,818000,0.009063156632734966096341918465,0.00962095,0.96209500,191,600
35,819000,0.00956995217541049145623694667,0.00962094,0.96209400,184,625
35,820000,0.00945679793290744001335609802,0.00962093,0.96209300,180,625
35,821000,0.00926366032220184652744416197,0.00962092,0.96209200,170,625
35,822000,0.009190913414616702298872635135,0.00962091,0.96209100,165,625
35,823000,0.00962089492935027041021242454,0.00962090,0.96209000,160,625
35,824000,0.00913573227494104859163192096,0.00934840,0.93484000,158,81
35,825000,0.00855694626256520659852398327,0.00934839,0.93483900,155,445
35,826000,0.009348372532614883848139620065,0.00934838,0.93483800,148,445
35,827000,0.008997426827906449622022042755,0.00925359,0.92535900,143,445
35,828000,0.009005842852252871152221932975,0.00925358,0.92535800,140,445
35,829000,0.008921117956644616443391395805,0.00925357,0.92535700,132,737
35,830000,0.008846301168103755383792082725,0.00925356,0.92535600,125,521
35,831000,0.009253544828122688074324828525,0.00925355,0.92535500,119,521
35,832000,0.008945073242141155640051566215,0.00925093,0.92509300,113,432
35,833000,0.00884004297761900092191614021,0.00925092,0.92509200,106,102
35,834000,0.00912010587313274132295911160,0.00925091,0.92509100,103,689
35,835000,0.00888534159790011724031863349,0.00925090,0.92509000,101,102
35,836000,0.008719569317687309098160976005,0.00925089,0.92508900,97,170
35,837000,0.008955884095201363179528566585,0.00925088,0.92508800,93,586
35,838000,0.008843622383911718702855817855,0.00925087,0.92508700,89,2
35,839000,0.009200292845967335861384362215,0.00925086,0.92508600,79,1000
35,840000,0.00900434531395462294282816407,0.00925085,0.92508500,74,447
35,841000,0.008979025984987855375122233105,0.00925084,0.92508400,73,447
35,842000,0.009135488682112230174847825635,0.00925083,0.92508300,70,150
35,843000,0.008986328137441571766609187955,0.00925082,0.92508200,68,701
35,844000,0.009250807440306930314213086455,0.00925081,0.92508100,65,587
35,845000,0.00907102799174716776449641970,0.00913355,0.91335500,63,587
35,846000,0.00913353304159031577534901845,0.00913354,0.91335400,62,587
35,847000,0.00890943489394959237810262780,0.00891097,0.89109700,61,226
35,848000,0.008855608904120117618052939345,0.00891096,0.89109600,55,961
35,849000,0.00876862923314474513030508697,0.00891095,0.89109500,45,531
35,850000,0.008785965574520704605856288235,0.00891094,0.89109400,44,105
35,851000,0.008743886536959575373672846815,0.00891093,0.89109300,42,105
35,852000,0.00885919067099398953321080028,0.00891092,0.89109200,40,723
35,853000,0.008910905876661884945377499625,0.00891091,0.89109100,38,723
35,854000,0.008759023014757497963645877425,0.00888967,0.88896700,34,244
35,855000,0.008759023014757497963645877425,0.00888966,0.88896600,30,244
35,856000,0.008743378898374372768342484505,0.00888965,0.88896500,25,566
35,857000,0.00877103927143651935722489603,0.00888964,0.88896400,23,875
35,858000,0.008860012091574868464139270555,0.00888963,0.88896300,22,213
35,859000,0.008669511905208158349384334735,0.00888962,0.88896200,21,255
35,860000,0.008685709252755295117755651265,0.00888961,0.88896100,19,651
35,861000,0.00872536068409008130173909883,0.00888960,0.88896000,17,651
35,862000,0.00831649466569546543508249054,0.00888959,0.88895900,16,204
35,863000,0.008369168978169917085347976095,0.00888958,0.88895800,15,204
35,864000,0.00661531999667921744604944701,0.00888957,0.88895700,15,579
35,865000,0.006449256000499541440681307745,0.00888956,0.88895600,13,579
35,866000,0.006390343986971439961019015225,0.00888955,0.88895500,11,579
35,867000,0.008521262732111574238355284175,0.00888954,0.88895400,11,384
35,868000,0.008512270239103059291798383205,0.00888953,0.88895300,10,384
35,869000,0.00888951127057204196550964751,0.00888952,0.88895200,10,384
35,870000,0.008771627357293493557717583005,0.00877163,0.87716300,9,978
35,871000,0.006315351250651393147956267965,0.00669784,0.66978400,9,978
35,872000,0.00596876942365815541882499526,0.00669783,0.66978300,9,978
35,873000,0.006552917148550369738251573585,0.00669782,0.66978200,8,579
35,874000,0.00611359790811048768924115732,0.00669781,0.66978100,8,978
35,875000,0.00623741369474019172086486502,0.00669780,0.66978000,8,978
35,876000,0.006388958685290442563902315075,0.00669779,0.66977900,6,978
35,877000,0.00668835623525942807665019677,0.00669778,0.66977800,6,978
35,878000,0.006697747303425560955744827685,0.00669777,0.66977700,6,384
35,879000,0.006697747303425560955744827685,0.00669776,0.66977600,4,384
35,880000,0.006697747303425560955744827685,0.00669775,0.66977500,4,384
35,881000,0.00615588284545810309306334019,0.00619208,0.61920800,4,579
35,882000,0.006030331672730418481543945095,0.00619207,0.61920700,3,579
35,883000,0.00610873557189236295380716177,0.00619206,0.61920600,3,579
35,884000,0.00535134664489024254471235556,0.00619205,0.61920500,3,384
35,885000,0.005261468595053483967476784225,0.00619204,0.61920400,3,384
35,886000,0.005667164746387867998790984165,0.00619203,0.61920300,2,384
35,887000,0.00576469779885648281231123376,0.00619202,0.61920200,2,384
35,888000,0.00588789541561761953154714296,0.00619201,0.61920100,1,384
35,889000,0.005776776379637070284990173135,0.00619200,0.61920000,1,384
35,890000,0.00619198910252679947618083097,0.00619199,0.61919900,1,384
35,891000,0.00604317697085190539458842068,0.00604318,0.60431800,1,384
36,701000,0.01269380205513176612164786596,0.05352284,5.35228400,1,905
36,702000,0.01378910183837300759773873993,0.05352283,5.35228300,1,905
36,703000,0.01478867674006987173691583892,0.05352282,5.35228200,1,905
36,704000,0.01483328438165637402142807358,0.05352281,5.35228100,1,905
36,705000,0.01152642802302527172657039715,0.05352280,5.35228000,2,905
36,706000,0.01456659557705885112427969072,0.05352279,5.35227900,4,647
36,707000,0.01475762879170340864704162534,0.05352278,5.35227800,5,647
36,708000,0.01475264583379662333876161139,0.05352277,5.35227700,5,647
36,709000,0.01206387894375476896221226036,0.05352276,5.35227600,5,905
36,710000,0.01193498188519253654462722440,0.05352275,5.35227500,5,647
36,711000,0.01186041152626546057478040936,0.05352274,5.35227400,6,647
36,712000,0.01209751604401481630110195866,0.05352273,5.35227300,8,142
36,713000,0.01401969148460808069630229680,0.05352272,5.35227200,10,842
36,714000,0.01308733615294533037748273968,0.05352271,5.35227100,10,142
36,715000,0.01258616135464270170903215503,0.05352270,5.35227000,12,898
36,716000,0.01434906634254234474159246394,0.05352269,5.35226900,13,518
36,717000,0.01434906634254234474159246394,0.05352268,5.35226800,13,518
36,718000,0.01432961027679736171801951844,0.05352267,5.35226700,13,518
36,719000,0.01450526886675493438094964908,0.05352266,5.35226600,17,518
36,720000,0.01448085285923940301769375118,0.05352265,5.35226500,17,518
36,721000,0.01240785877461524425180804817,0.05352264,5.35226400,18,518
36,722000,0.01256739107972766013432627668,0.05352263,5.35226300,18,518
36,723000,0.01096804095767779758111801394,0.05352262,5.35226200,19,518
36,724000,0.01433870967843125680573222562,0.05352261,5.35226100,25,392
36,725000,0.01200239015763602982135878453,0.05352260,5.35226000,29,128
36,726000,0.01461126932967644562192788735,0.05352259,5.35225900,33,120
36,727000,0.0535225720833689159438750824,0.05352258,5.35225800,38,714
36,728000,0.01539900718589260178517366166,0.01759722,1.75972200,38,249
36,729000,0.01572870119791887928557727546,0.01759721,1.75972100,40,249
36,730000,0.01221790772221606271349727588,0.01759720,1.75972000,41,249
36,731000,0.01483586918170039552574426978,0.01759719,1.75971900,45,222
36,732000,0.01189360712639435419720688766,0.01759718,1.75971800,47,864
36,733000,0.01296034734038423336570709298,0.01759717,1.75971700,49,222
36,734000,0.01407372986267961334984534367,0.01759716,1.75971600,53,26
36,735000,0.01263219309864006271838967094,0.01759715,1.75971500,56,321
36,736000,0.01515662952070796300522845434,0.01759714,1.75971400,59,374
36,737000,0.01515662952070796300522845434,0.01759713,1.75971300,61,374
36,738000,0.01460360133673372475832467138,0.01759712,1.75971200,65,320
36,739000,0.01457832206747311527314691091,0.01759711,1.75971100,69,320
36,740000,0.01405826538117597531404069665,0.01759710,1.75971000,72,374
36,741000,0.01759708603226281042417722943,0.01759709,1.75970900,78,57
36,742000,0.01227158821006135156646261054,0.01486637,1.48663700,80,68
36,743000,0.01353109380882753666851158967,0.01486636,1.48663600,85,68
36,744000,0.01213781299213483716113769402,0.01486635,1.48663500,91,205
36,745000,0.01161489768583929295989734456,0.01486634,1.48663400,93,513
36,746000,0.01435364774717159690714319878,0.01486633,1.48663300,94,761
36,747000,0.01486631747606269486203403544,0.01486632,1.48663200,97,330
36,748000,0.01372050573747680971668148202,0.01418972,1.41897200,101,205
36,749000,0.01370325430104611289648053988,0.01418971,1.41897100,105,553
36,750000,0.01181651023442942366370316484,0.01418970,1.41897000,108,205
36,751000,0.01378894947587641659258973916,0.01418969,1.41896900,116,38
36,752000,0.01285549220474604886975825555,0.01418968,1.41896800,125,326
36,753000,0.01418966137341459286582970016,0.01418967,1.41896700,133,532
36,754000,0.01179892593882490991262706774,0.01384664,1.38466400,141,991
36,755000,0.01182607806711251278175194562,0.01384663,1.38466300,149,821
36,756000,0.01327045370573023517165800875,0.01384662,1.38466200,159,532
36,757000,0.01295889312297349511874661305,0.01384661,1.38466100,166,376
36,758000,0.01384659709254589822605350620,0.01384660,1.38466000,172,355
36,759000,0.01252387930578564643529246950,0.01377084,1.37708400,181,385
36,760000,0.01256140524490173816815122395,0.01377083,1.37708300,192,763
36,761000,0.01278184291114919668393246963,0.01377082,1.37708200,203,124
36,762000,0.01244519030789517866582862078,0.01377081,1.37708100,208,19
36,763000,0.01226549242695924521067589721,0.01377080,1.37708000,219,19
36,764000,0.01276258030694273975780194671,0.01377079,1.37707900,227,19
36,765000,0.01184541940034865005402081218,0.01377078,1.37707800,236,175
36,766000,0.01138416086848198253010323552,0.01377077,1.37707700,243,942
36,767000,0.01130739555805752418444188380,0.01377076,1.37707600,251,773
36,768000,0.01264497400908652697239941518,0.01377075,1.37707500,260,885
36,769000,0.01294877736846846389375492094,0.01377074,1.37707400,266,885
36,770000,0.01291353314580313911925521684,0.01377073,1.37707300,274,885
36,771000,0.01157024502080627766664590456,0.01377072,1.37707200,281,964
36,772000,0.01282000117684893964678482904,0.01377071,1.37707100,289,885
36,773000,0.01282000117684893964678482904,0.01377070,1.37707000,301,885
36,774000,0.01377067123330233668552233452,0.01377069,1.37706900,310,318
36,775000,0.01377067123330233668552233452,0.01377068,1.37706800,318,318
36,776000,0.01195590428663432273119375786,0.01311164,1.31116400,332,724
36,777000,0.01151204230127701755477601118,0.01311163,1.31116300,342,766
36,778000,0.01309207165661715844743036270,0.01311162,1.31116200,358,932
36,779000,0.01117724430280534670906036951,0.01311161,1.31116100,363,590
36,780000,0.01162386924190797604395412662,0.01311160,1.31116000,369,256
36,781000,0.01253934589732562066181371719,0.01311159,1.31115900,379,986
36,782000,0.01253934589732562066181371719,0.01311158,1.31115800,388,986
36,783000,0.01115013132728799695530525168,0.01311157,1.31115700,392,4
36,784000,0.01138705958851455788622532416,0.01311156,1.31115600,397,4
36,785000,0.01289057578818282554167092156,0.01311155,1.31115500,407,876
36,786000,0.01285811321308254549546429537,0.01311154,1.31115400,406,876
36,787000,0.01135795414046470160482400806,0.01311153,1.31115300,414,4
36,788000,0.01072181342878285893091028838,0.01311152,1.31115200,427,860
36,789000,0.01311150259304755070905712159,0.01311151,1.31115100,433,210
36,790000,0.00989015799256439080766297084,0.01251862,1.25186200,426,89
36,791000,0.00968681245053553450131269376,0.01251861,1.25186100,432,89
36,792000,0.01251859397428702921808627044,0.01251860,1.25186000,437,228
36,793000,0.01083421792479835920176426293,0.01242975,1.24297500,444,89
36,794000,0.01083421792479835920176426293,0.01242974,1.24297400,446,89
36,795000,0.01032242893417198502247647919,0.01242973,1.24297300,448,805
36,796000,0.01148901275481517609841163997,0.01242972,1.24297200,448,430
36,797000,0.00983808060746668009982464202,0.01242971,1.24297100,452,849
36,798000,0.01236188180993039261041396770,0.01242970,1.24297000,445,735
36,799000,0.01233543240870523373009045860,0.01242969,1.24296900,447,735
36,800000,0.01111217846063079388088731628,0.01242968,1.24296800,448,186
36,801000,0.01111217846063079388088731628,0.01242967,1.24296700,446,186
36,802000,0.00968901711805520009977990070,0.01242966,1.24296600,448,582
36,803000,0.009628048477282011028938734025,0.01242965,1.24296500,453,233
36,804000,0.00989244978883366439327936840,0.01242964,1.24296400,454,657
36,805000,0.00973534984252735590815839212,0.01242963,1.24296300,460,657
36,806000,0.00972804809488808797054800071,0.01242962,1.24296200,455,657
36,807000,0.01005670436418178047576183873,0.01242961,1.24296100,452,657
36,808000,0.01242959274839786746844655364,0.01242960,1.24296000,456,644
36,809000,0.01003099867467496039983892214,0.01184862,1.18486200,455,657
36,810000,0.01056427032696292012768711466,0.01184861,1.18486100,456,981
36,811000,0.00958296586688253639250389806,0.01184860,1.18486000,452,523
36,812000,0.009881618247431038788310216685,0.01184859,1.18485900,445,466
36,813000,0.009881618247431038788310216685,0.01184858,1.18485800,443,466
36,814000,0.009716015530514759305008273955,0.01184857,1.18485700,449,343
36,815000,0.009715900871563844782127400705,0.01184856,1.18485600,458,343
36,816000,0.00965571359172869892662636780,0.01184855,1.18485500,456,137
36,817000,0.00978769221447631235976224396,0.01184854,1.18485400,458,468
36,818000,0.00965717913740384721501973023,0.01184853,1.18485300,461,171
36,819000,0.01120547231000942425556410106,0.01184852,1.18485200,465,138
36,820000,0.01119194426931502826068518420,0.01184851,1.18485100,452,138
36,821000,0.00958200316335386829066105416,0.01184850,1.18485000,452,279
36,822000,0.00970759721209706020614089669,0.01184849,1.18484900,445,973
36,823000,0.009613987695585794299454065745,0.01184848,1.18484800,441,502
36,824000,0.009632716950130802905082838305,0.01184847,1.18484700,438,279
36,825000,0.009707001210052812681337922935,0.01184846,1.18484600,434,5
36,826000,0.009707001210052812681337922935,0.01184845,1.18484500,435,5
36,827000,0.009160778566273279337936416135,0.01184844,1.18484400,431,588
36,828000,0.00925513782500520195883632570,0.01184843,1.18484300,416,192
36,829000,0.009245528295674062943351963415,0.01184842,1.18484200,410,192
36,830000,0.01122256249857561148536998560,0.01184841,1.18484100,406,307
36,831000,0.01123391116591945412052904692,0.01184840,1.18484000,402,125
36,832000,0.01124326964522181815082295420,0.01184839,1.18483900,392,937
36,833000,0.01109666907824049744902450942,0.01184838,1.18483800,388,109
36,834000,0.01184836963192389154927519470,0.01184837,1.18483700,383,937
36,835000,0.01132026039311270397813480076,0.01152812,1.15281200,371,375
36,836000,0.009087496305998669434087427605,0.01152811,1.15281100,369,296
36,837000,0.009316633737723477991226364765,0.01152810,1.15281000,362,375
36,838000,0.00914548811981519336477359928,0.01152809,1.15280900,358,859
36,839000,0.00923526145725716945703614569,0.01152808,1.15280800,356,173
36,840000,0.01144469725696318767561467768,0.01152807,1.15280700,351,434
36,841000,0.009322304697622713255391465835,0.01152806,1.15280600,341,50
36,842000,0.009432416605191280817584442805,0.01152805,1.15280500,337,51
36,843000,0.00964596764274492931349584016,0.01152804,1.15280400,327,397
36,844000,0.01128815646751999557759003396,0.01152803,1.15280300,321,359
36,845000,0.01127558185900703828976287320,0.01152802,1.15280200,313,359
36,846000,0.01132031954705261093188696060,0.01152801,1.15280100,299,327
36,847000,0.009329886314440095535490008375,0.01152800,1.15280000,292,512
36,848000,0.00939868251466216493884444010,0.01152799,1.15279900,288,327
36,849000,0.009602474493192927778913773295,0.01152798,1.15279800,290,226
36,850000,0.009743129824295354280490652435,0.01152797,1.15279700,284,570
36,851000,0.009376112225181919425850439005,0.01152796,1.15279600,272,512
36,852000,0.00910521870501582861129655871,0.01152795,1.15279500,265,48
36,853000,0.00906494212568015225695236119,0.01152794,1.15279400,260,28
36,854000,0.01119896794720183822240707088,0.01152793,1.15279300,250,874
36,855000,0.01152791615053811711309236057,0.01152792,1.15279200,245,111
36,856000,0.00953353262022841590539486329,0.01131116,1.13111600,246,244
36,857000,0.01105668315478532000044164394,0.01131115,1.13111500,235,725
36,858000,0.008950713362064700489953477085,0.01131114,1.13111400,233,725
36,859000,0.00897411537100909461770212969,0.01131113,1.13111300,222,535
36,860000,0.00921067626939892451104029610,0.01131112,1.13111200,212,445
36,861000,0.009321930387037235916680169685,0.01131111,1.13111100,202,213
36,862000,0.01131109851963917988423090354,0.01131110,1.13111000,198,535
36,863000,0.008975125387656221986366351705,0.01119761,1.11976100,193,607
36,864000,0.009088292811254553636351953985,0.01119760,1.11976000,187,79
36,865000,0.008909061796280128401214425785,0.01119759,1.11975900,184,79
36,866000,0.00897029425429219789257001081,0.01119758,1.11975800,178,79
36,867000,0.01119756861594170199753941430,0.01119757,1.11975700,171,934
36,868000,0.00888489121847395813682416195,0.01100480,1.10048000,167,986
36,869000,0.008947219711014804735961957185,0.01100479,1.10047900,164,986
36,870000,0.00879314559976400053529218925,0.01100478,1.10047800,155,897
36,871000,0.00868947578660324279401574358,0.01100477,1.10047700,149,412
36,872000,0.008971124376969156012711458375,0.01100476,1.10047600,144,412
36,873000,0.00902859036617659202691885895,0.01100475,1.10047500,140,564
36,874000,0.008761525416088087470373936865,0.01100474,1.10047400,137,442
36,875000,0.008761525416088087470373936865,0.01100473,1.10047300,130,442
36,876000,0.01100471177500949687068900569,0.01100472,1.10047200,131,442
36,877000,0.01094460859652236091109094821,0.01094461,1.09446100,125,442
36,878000,0.008960438584821689439690050165,0.00896044,0.89604400,116,442
36,879000,0.008470203381556358761011323175,0.00884005,0.88400500,114,442
36,880000,0.00850227724951595734367536810,0.00884004,0.88400400,107,174
36,881000,0.00884002022543625255401504215,0.00884003,0.88400300,104,670
36,882000,0.00881295735159133358831890230,0.00881296,0.88129600,102,670
36,883000,0.00814791628261460556010908740,0.00846822,0.84682200,97,77
36,884000,0.00820536659628605900178978811,0.00846821,0.84682100,92,77
36,885000,0.00824431337289968806046901216,0.00846820,0.84682000,87,978
36,886000,0.00816845622898061598622654426,0.00846819,0.84681900,83,978
36,887000,0.008034172984112809961100874795,0.00846818,0.84681800,81,978
36,888000,0.00795805650843234221742218533,0.00846817,0.84681700,78,978
36,889000,0.008404232803311812876911805415,0.00846816,0.84681600,72,978
36,890000,0.00846814075762208734919287229,0.00846815,0.84681500,66,978
36,891000,0.007384562268538770745728195315,0.00778895,0.77889500,63,392
36,892000,0.00728930141777589092861607408,0.00778894,0.77889400,60,639
36,893000,0.00731021575079765286245053240,0.00778893,0.77889300,57,746
36,894000,0.007505488231140680470852779465,0.00778892,0.77889200,48,746
36,895000,0.007488757823030258897902215455,0.00778891,0.77889100,44,746
36,896000,0.007488757823030258897902215455,0.00778890,0.77889000,42,746
36,897000,0.00746037951374487791165807255,0.00778889,0.77888900,39,948
36,898000,0.00738083383611792052500710941,0.00778888,0.77888800,35,948
36,899000,0.00744897053491052810583985424,0.00778887,0.77888700,35,791
36,900000,0.007315009131189575890209362775,0.00778886,0.77888600,35,746
36,901000,0.007448334591881432881375628225,0.00778885,0.77888500,33,749
36,902000,0.00775384845725097249925494886,0.00778884,0.77888400,33,948
36,903000,0.007788827715969425477333767625,0.00778883,0.77888300,32,948
36,904000,0.00748034657473132358389184218,0.00769778,0.76977800,30,546
36,905000,0.00755869449710638172020771333,0.00769777,0.76977700,29,965
36,906000,0.00747141347430340813430214984,0.00769776,0.76977600,26,942
36,907000,0.00769774005556371952007953627,0.00769775,0.76977500,25,942
36,908000,0.00764691649334140756568501759,0.00764692,0.76469200,24,942
36,909000,0.00726764487879622428229042837,0.00740404,0.74040400,22,48
36,910000,0.007344017996395040715091708525,0.00740403,0.74040300,21,328
36,911000,0.007327140590034938047118586395,0.00740402,0.74040200,20,328
36,912000,0.007190653870665222129301808985,0.00740401,0.74040100,20,370
36,913000,0.00739710318071956713017917221,0.00740400,0.74040000,19,370
36,914000,0.007252768672404144572528431805,0.00740399,0.74039900,16,535
36,915000,0.007162662963158437592368943625,0.00740398,0.74039800,16,535
36,916000,0.007297766779815545855310658295,0.00740397,0.74039700,14,328
36,917000,0.007170830175091264402197632545,0.00740396,0.74039600,13,328
36,918000,0.007111616008800746607441573735,0.00740395,0.74039500,13,672
36,919000,0.00736926958127612169444323884,0.00740394,0.74039400,12,672
36,920000,0.007202424228509119156590935485,0.00740393,0.74039300,11,672
36,921000,0.00683343376224547554608164905,0.00740392,0.74039200,8,978
36,922000,0.00719346640791960101225721653,0.00740391,0.74039100,7,978
36,923000,0.00740389592763679789915802187,0.00740390,0.74039000,7,978
36,924000,0.007388588810731819458986672945,0.00738859,0.73885900,7,978
36,925000,0.007325851844942159413332004205,0.00732586,0.73258600,7,978
36,926000,0.007089449830352702638281480705,0.00731933,0.73193300,7,752
36,927000,0.007002185415197291139447472775,0.00731932,0.73193200,7,752
36,928000,0.006986196641677127230317188895,0.00731931,0.73193100,7,752
36,929000,0.007112682243992237827995188365,0.00731930,0.73193000,6,952
36,930000,0.00731928348587454200086513899,0.00731929,0.73192900,5,952
36,931000,0.007198641892112873238886563915,0.00719865,0.71986500,5,952
36,932000,0.00587806212970512353986051040,0.00670072,0.67007200,5,48
36,933000,0.006700700707077177596165728155,0.00670071,0.67007100,5,48
36,934000,0.00577569138927071038403328167,0.00642932,0.64293200,4,978
36,935000,0.00503968708186039716853029876,0.00642931,0.64293100,3,328
36,936000,0.005099050790276976694805308025,0.00642930,0.64293000,3,328
36,937000,0.005099050790276976694805308025,0.00642929,0.64292900,3,328
36,938000,0.00556248197024620570219150680,0.00642928,0.64292800,3,328
36,939000,0.00556248197024620570219150680,0.00642927,0.64292700,3,328
36,940000,0.00578549779726964403872779634,0.00642926,0.64292600,3,328
36,941000,0.00642924433643958458184073222,0.00642925,0.64292500,2,328
36,942000,0.00502569116396273825314572175,0.00539729,0.53972900,1,978
36,943000,0.005050103886421278190630621605,0.00539728,0.53972800,1,978
36,944000,0.005397264078790601992485296435,0.00539727,0.53972700,1,978
37,741000,0.00786784895783462075284914372,0.01359572,1.35957200,1,141
37,742000,0.00786784895783462075284914372,0.01359571,1.35957100,1,141
37,743000,0.00987788219936854441650475868,0.01359570,1.35957000,1,141
37,744000,0.009779352096863223944103579685,0.01359569,1.35956900,1,141
37,745000,0.01062173709154124736052196432,0.01359568,1.35956800,2,141
37,746000,0.01003749236982100873572878846,0.01359567,1.35956700,2,141
37,747000,0.01003749236982100873572878846,0.01359566,1.35956600,3,141
37,748000,0.00925471383055556808358306818,0.01359565,1.35956500,3,72
37,749000,0.009353470830946577628847137105,0.01359564,1.35956400,3,141
37,750000,0.01001382430433306405388337688,0.01359563,1.35956300,4,504
37,751000,0.01082973255041130937329655689,0.01359562,1.35956200,4,504
37,752000,0.01082973255041130937329655689,0.01359561,1.35956100,5,504
37,753000,0.00909617690870477526093150081,0.01359560,1.35956000,5,760
37,754000,0.01127527407739446195207152512,0.01359559,1.35955900,5,760
37,755000,0.01132846225340078871839382503,0.01359558,1.35955800,6,760
37,756000,0.01017205858543274614343819927,0.01359557,1.35955700,8,688
37,757000,0.01053474391156290629009658278,0.01359556,1.35955600,9,688
37,758000,0.01122430774654041579867428007,0.01359555,1.35955500,11,510
37,759000,0.01057255355286444656567843191,0.01359554,1.35955400,11,688
37,760000,0.01192179796234949408392869710,0.01359553,1.35955300,14,193
37,761000,0.01128540206678739316789871030,0.01359552,1.35955200,16,522
37,762000,0.01127650602108914042790020296,0.01359551,1.35955100,16,522
37,763000,0.01127571917781003920455875984,0.01359550,1.35955000,17,522
37,764000,0.01147706075091981587979859457,0.01359549,1.35954900,20,128
37,765000,0.01137907415294290209319158328,0.01359548,1.35954800,22,83
37,766000,0.01137907415294290209319158328,0.01359547,1.35954700,23,83
37,767000,0.01304779508598698110713417914,0.01359546,1.35954600,23,11
37,768000,0.01288900210642684006368615888,0.01359545,1.35954500,26,11
37,769000,0.01338877538349520107297033145,0.01359544,1.35954400,31,11
37,770000,0.01280863141040180178277813202,0.01359543,1.35954300,34,636
37,771000,0.01278235628982645956447485476,0.01359542,1.35954200,35,636
37,772000,0.00963107391042713397402083901,0.01359541,1.35954100,36,11
37,773000,0.009999789457152561720827043565,0.01359540,1.35954000,40,636
37,774000,0.01214893719073078996113320944,0.01359539,1.35953900,44,610
37,775000,0.01233484984594835162210209358,0.01359538,1.35953800,48,221
37,776000,0.01220304866292366670522720867,0.01359537,1.35953700,50,221
37,777000,0.01242746515818863744674740987,0.01359536,1.35953600,50,27
37,778000,0.01268902617872175332901949477,0.01359535,1.35953500,52,27
37,779000,0.01261827990811426282372133592,0.01359534,1.35953400,56,27
37,780000,0.009161330181472258895134325145,0.01359533,1.35953300,60,616
37,781000,0.01018456135766136995024284458,0.01359532,1.35953200,62,616
37,782000,0.009085787336980395048661260735,0.01359531,1.35953100,65,221
37,783000,0.009209314640293380255604048285,0.01359530,1.35953000,69,34
37,784000,0.009158123078949431815185097835,0.01359529,1.35952900,72,34
37,785000,0.00930456560404655840603977087,0.01359528,1.35952800,78,260
37,786000,0.01186885832900582955666628394,0.01359527,1.35952700,85,541
37,787000,0.01177190721551902693938364228,0.01359526,1.35952600,87,541
37,788000,0.01185037633626316635455315227,0.01359525,1.35952500,92,916
37,789000,0.01170387838901511134890184177,0.01359524,1.35952400,98,916
37,790000,0.01146234607227091311003379593,0.01359523,1.35952300,111,640
37,791000,0.01240788931136308964899135308,0.01359522,1.35952200,115,210
37,792000,0.01239803315996079636699289786,0.01359521,1.35952100,119,210
37,793000,0.01239803315996079636699289786,0.01359520,1.35952000,123,210
37,794000,0.01152501284160512323191282511,0.01359519,1.35951900,132,539
37,795000,0.009792281761976445294383875335,0.01359518,1.35951800,140,210
37,796000,0.01039522301000005711481089214,0.01359517,1.35951700,146,194
37,797000,0.01077658303261643954366329452,0.01359516,1.35951600,151,862
37,798000,0.01210558657351445330477066955,0.01359515,1.35951500,164,989
37,799000,0.01083015264057406742356956744,0.01359514,1.35951400,170,862
37,800000,0.01106476313677924654890118778,0.01359513,1.35951300,174,862
37,801000,0.01273673912002737117534353667,0.01359512,1.35951200,179,496
37,802000,0.01165955428981068495819513519,0.01359511,1.35951100,188,322
37,803000,0.01137619449955257695429594429,0.01359510,1.35951000,194,268
37,804000,0.01122678050621761661936078002,0.01359509,1.35950900,202,268
37,805000,0.01258323482370854262495167374,0.01359508,1.35950800,204,830
37,806000,0.01257532657802708257785736539,0.01359507,1.35950700,218,830
37,807000,0.01359505906226450721553122652,0.01359506,1.35950600,227,830
37,808000,0.01255175298312030270654019624,0.01255176,1.25517600,232,830
37,809000,0.01251680977491545523374067214,0.01254843,1.25484300,240,830
37,810000,0.01250074945080223119946268095,0.01254842,1.25484200,242,830
37,811000,0.01248082630558971765905902886,0.01254841,1.25484100,257,830
37,812000,0.01246320452942402648335316534,0.01254840,1.25484000,272,830
37,813000,0.01223167471881904825403273080,0.01254839,1.25483900,278,424
37,814000,0.01227532806621290395255018131,0.01254838,1.25483800,280,118
37,815000,0.01203407337555979003024206600,0.01254837,1.25483700,283,503
37,816000,0.01217582221257482952530835311,0.01254836,1.25483600,291,967
37,817000,0.01203554242106067406833425794,0.01254835,1.25483500,297,967
37,818000,0.01225798692106129397552171838,0.01254834,1.25483400,298,809
37,819000,0.01248184736172702354616152424,0.01254833,1.25483300,297,809
37,820000,0.00980640205094534055345427032,0.01254832,1.25483200,311,363
37,821000,0.01148737299524879605268763248,0.01254831,1.25483100,318,297
37,822000,0.01254829489765117757557064510,0.01254830,1.25483000,328,411
37,823000,0.00951192118326407111651916572,0.01246250,1.24625000,333,814
37,824000,0.00962894510215161812338908539,0.01246249,1.24624900,335,697
37,825000,0.00962894510215161812338908539,0.01246248,1.24624800,335,697
37,826000,0.01005688506891788334489926052,0.01246247,1.24624700,339,449
37,827000,0.01101008698551330371352774818,0.01246246,1.24624600,340,928
37,828000,0.01204829065874506468370536188,0.01246245,1.24624500,356,85
37,829000,0.01204809076192977855788118238,0.01246244,1.24624400,367,223
37,830000,0.01197364836209807403476568030,0.01246243,1.24624300,372,428
37,831000,0.01212620098301918279969515793,0.01246242,1.24624200,374,575
37,832000,0.01190666709847578838465217993,0.01246241,1.24624100,387,236
37,833000,0.01129774066871957012469208038,0.01246240,1.24624000,389,236
37,834000,0.01058512232773010336349790637,0.01246239,1.24623900,381,769
37,835000,0.01145874511379036378767767788,0.01246238,1.24623800,388,560
37,836000,0.01188622209637096858016981300,0.01246237,1.24623700,387,287
37,837000,0.01184467235998186382607900954,0.01246236,1.24623600,393,668
37,838000,0.01246234783907133863386695253,0.01246235,1.24623500,392,668
37,839000,0.01079177827383774540063686104,0.01203493,1.20349300,396,429
37,840000,0.01196358499279976897854526067,0.01203492,1.20349200,403,367
37,841000,0.01203490572405677583866165326,0.01203491,1.20349100,408,367
37,842000,0.01121845540051959588323810095,0.01195074,1.19507400,407,410
37,843000,0.01162647278088800060444270099,0.01195073,1.19507300,411,988
37,844000,0.01171241404628470738398972514,0.01195072,1.19507200,412,988
37,845000,0.01106840620989061065662485772,0.01195071,1.19507100,413,988
37,846000,0.01195069574437106605902696882,0.01195070,1.19507000,415,106
37,847000,0.01136355079436377972799395300,0.01170164,1.17016400,410,346
37,848000,0.01139791645652396411713706774,0.01170163,1.17016300,412,700
37,849000,0.01134058967213841483436787660,0.01170162,1.17016200,411,700
37,850000,0.01125842614529834556268557578,0.01170161,1.17016100,407,310
37,851000,0.01123299990634183929332235696,0.01170160,1.17016000,413,899
37,852000,0.01105878990615778498500089170,0.01170159,1.17015900,406,1
37,853000,0.01170157381793224252454055432,0.01170158,1.17015800,405,187
37,854000,0.01145770145987910093734643258,0.01149318,1.14931800,408,187
37,855000,0.01120908930123163756320077582,0.01149317,1.14931700,407,531
37,856000,0.01114410900467030399177245708,0.01149316,1.14931600,406,787
37,857000,0.00926645075159480078639794578,0.01149315,1.14931500,409,294
37,858000,0.009216952596880242593418872825,0.01149314,1.14931400,406,20
37,859000,0.01135883470723795398615068896,0.01149313,1.14931300,410,501
37,860000,0.01119201000877224312433616092,0.01149312,1.14931200,415,714
37,861000,0.01137565517170599402665294252,0.01149311,1.14931100,412,909
37,862000,0.009446839245873628820853926685,0.01149310,1.14931000,408,215
37,863000,0.009270702387899795508523048135,0.01149309,1.14930900,403,479
37,864000,0.009827669886736369596345235605,0.01149308,1.14930800,400,102
37,865000,0.00975494273038479142731930837,0.01149307,1.14930700,399,102
37,866000,0.00971960253861035253884174853,0.01149306,1.14930600,396,102
37,867000,0.01134256318777785850973790582,0.01149305,1.14930500,393,133
37,868000,0.01149303976874084418731765852,0.01149304,1.14930400,390,45
37,869000,0.01070808449993872845544381292,0.01119115,1.11911500,380,250
37,870000,0.01069667056315187574747784135,0.01119114,1.11911400,382,250
37,871000,0.009813014423327870616085276915,0.01119113,1.11911300,376,854
37,872000,0.00976891241572314654820156342,0.01119112,1.11911200,372,854
37,873000,0.01119110482066939425402439620,0.01119111,1.11911100,371,532
37,874000,0.01000789285222797960293571664,0.01092286,1.09228600,367,422
37,875000,0.00985836013032092700480044685,0.01092285,1.09228500,368,152
37,876000,0.009805153136185701017738252885,0.01092284,1.09228400,355,422
37,877000,0.009788003164713701740625829165,0.01092283,1.09228300,352,422
37,878000,0.00970595984024982834873754149,0.01092282,1.09228200,353,422
37,879000,0.009558542510160360737901069485,0.01092281,1.09228100,347,152
37,880000,0.009579287600625303255235019475,0.01092280,1.09228000,344,296
37,881000,0.01011214541130876585991775082,0.01092279,1.09227900,336,120
37,882000,0.01008568698746397471020963148,0.01092278,1.09227800,329,120
37,883000,0.01005875673701506455621325554,0.01092277,1.09227700,322,120
37,884000,0.009772091988670388547979197395,0.01092276,1.09227600,317,753
37,885000,0.00987204743995547236668391767,0.01092275,1.09227500,309,15
37,886000,0.01092273664156500322707477338,0.01092274,1.09227400,307,28
37,887000,0.01091281251410764318383659392,0.01091282,1.09128200,301,28
37,888000,0.00994261623748640674891795476,0.01036668,1.03666800,297,377
37,889000,0.01012297717896733659666730238,0.01036667,1.03666700,291,332
37,890000,0.009919768879552107464315416295,0.01036666,1.03666600,287,680
37,891000,0.009835289713802874461568598805,0.01036665,1.03666500,278,990
37,892000,0.009859055965530005434088619885,0.01036664,1.03666400,272,977
37,893000,0.01036662213085256827940725144,0.01036663,1.03666300,267,859
37,894000,0.01034058446117528392239843981,0.01034059,1.03405900,266,859
37,895000,0.01031184989465706026320007204,0.01031185,1.03118500,263,859
37,896000,0.00976602720651506279591113385,0.01006398,1.00639800,258,690
37,897000,0.009751375225336547140542785415,0.01006397,1.00639700,249,639
37,898000,0.009731178644449913044736827445,0.01006396,1.00639600,241,639
37,899000,0.00992949814016099128428481152,0.01006395,1.00639500,234,88
37,900000,0.009901380388513301813227301855,0.01006394,1.00639400,226,88
37,901000,0.009871492981943480276829352285,0.01006393,1.00639300,219,88
37,902000,0.009726010926161541858145381455,0.01006392,1.00639200,212,549
37,903000,0.009658304791377366567014732955,0.01006391,1.00639100,206,588
37,904000,0.009541407700888254536322959925,0.01006390,1.00639000,199,588
37,905000,0.009538835639848883454851005815,0.01006389,1.00638900,196,964
37,906000,0.009770395061255057655352244765,0.01006388,1.00638800,192,445
37,907000,0.00961127482811357085662871537,0.01006387,1.00638700,186,445
37,908000,0.009943184561681521020785688305,0.01006386,1.00638600,180,228
37,909000,0.01006384722875070473419902110,0.01006385,1.00638500,174,942
37,910000,0.00984041058931182738376559130,0.01003273,1.00327300,168,228
37,911000,0.009300602953495759850118828825,0.01003272,1.00327200,162,415
37,912000,0.00936583927557563683969850518,0.01003271,1.00327100,155,415
37,913000,0.00953419414114721354462301180,0.01003270,1.00327000,147,964
37,914000,0.00951745201690020286551783760,0.01003269,1.00326900,146,964
37,915000,0.00948906932239296013617854160,0.01003268,1.00326800,145,964
37,916000,0.008096730168733213375429407815,0.01003267,1.00326700,143,392
37,917000,0.007664123915815934085353345795,0.01003266,1.00326600,140,588
37,918000,0.009723178662497093467923580175,0.01003265,1.00326500,136,384
37,919000,0.00960634051538393883471517480,0.01003264,1.00326400,133,384
37,920000,0.00961425297020069771112966667,0.01003263,1.00326300,131,651
37,921000,0.01003261431385467228263076266,0.01003262,1.00326200,131,535
37,922000,0.01000919211589072725958812615,0.01000920,1.00092000,126,535
37,923000,0.00936132817831787020100074076,0.00970180,0.97018000,124,580
37,924000,0.00808727890913173731233613085,0.00970179,0.97017900,120,746
37,925000,0.00802045606776626312022686770,0.00970178,0.97017800,117,746
37,926000,0.00790125818409713098099367096,0.00970177,0.97017700,109,948
37,927000,0.007828266780477106567530305695,0.00970176,0.97017600,106,948
37,928000,0.009576130272792052356551997415,0.00970175,0.97017500,103,670
37,929000,0.009418379655174201205681255995,0.00970174,0.97017400,98,670
37,930000,0.009418379655174201205681255995,0.00970173,0.97017300,96,670
37,931000,0.008600026829324985259696066715,0.00970172,0.97017200,92,681
37,932000,0.00782019224076001461093284234,0.00970171,0.97017100,87,163
37,933000,0.009701694691010897605691486945,0.00970170,0.97017000,85,752
37,934000,0.009679971930802565982782417535,0.00967998,0.96799800,86,752
37,935000,0.00965057972543279819381788131,0.00965058,0.96505800,78,752
37,936000,0.00877237018920670136248988105,0.00877238,0.87723800,75,48
37,937000,0.00875056721648926512357046767,0.00875057,0.87505700,73,48
37,938000,0.008323986182214888942452070975,0.00862688,0.86268800,70,163
37,939000,0.008208088879503267247917112375,0.00862687,0.86268700,69,163
37,940000,0.008406326151044989096489684745,0.00862686,0.86268600,65,855
37,941000,0.00771288535726047006552156936,0.00862685,0.86268500,63,538
37,942000,0.00838389826422034604863707152,0.00862684,0.86268400,60,679
37,943000,0.00809065129993531146110429500,0.00862683,0.86268300,59,328
37,944000,0.008596873149847633551932952205,0.00862682,0.86268200,57,328
37,945000,0.008503629959519139513659361015,0.00862681,0.86268100,57,328
37,946000,0.00778721169563425200255646078,0.00862680,0.86268000,56,461
37,947000,0.007909589763029298021388302515,0.00862679,0.86267900,53,538
37,948000,0.008076516928243731224397513705,0.00862678,0.86267800,50,434
37,949000,0.00806529606584876580622657475,0.00862677,0.86267700,48,791
37,950000,0.007969510147695242645601723555,0.00862676,0.86267600,47,791
37,951000,0.008204915357108657377979690535,0.00862675,0.86267500,45,529
37,952000,0.00818147247641017170411957315,0.00862674,0.86267400,41,73
37,953000,0.00808762807201595296985031583,0.00862673,0.86267300,35,978
37,954000,0.00808762807201595296985031583,0.00862672,0.86267200,34,978
37,955000,0.00793756719856983659574881763,0.00862671,0.86267100,34,978
37,956000,0.007942541818592854586431767545,0.00862670,0.86267000,32,117
37,957000,0.00862668471255896904726458119,0.00862669,0.86266900,30,117
37,958000,0.007811243300828158079052554315,0.00837609,0.83760900,27,17
37,959000,0.00780053533393261360553948098,0.00837608,0.83760800,25,17
37,960000,0.008049301845599535005869181065,0.00837607,0.83760700,25,105
37,961000,0.007984573962799703390420534885,0.00837606,0.83760600,25,105
37,962000,0.007692591047026147331398310165,0.00837605,0.83760500,24,328
37,963000,0.00772100332207816604226911456,0.00837604,0.83760400,23,328
37,964000,0.007417045722525307329657792165,0.00837603,0.83760300,21,633
37,965000,0.00791018454533505628696067858,0.00837602,0.83760200,20,206
37,966000,0.00781526508663709695954962412,0.00837601,0.83760100,19,206
37,967000,0.008375990574769040436607358465,0.00837600,0.83760000,18,328
37,968000,0.008271822951069581763950074355,0.00827183,0.82718300,16,328
37,969000,0.007609999001978272548415600515,0.00814711,0.81471100,16,526
37,970000,0.007957822286845085613518175015,0.00814710,0.81471000,15,633
37,971000,0.007908463415046027327793921275,0.00814709,0.81470900,15,633
37,972000,0.008128845661897445427941694135,0.00814708,0.81470800,14,651
37,973000,0.00807772045465704518477520852,0.00814707,0.81470700,14,486
37,974000,0.007679633934494413121746666415,0.00814706,0.81470600,13,484
37,975000,0.00774511084353927186678090383,0.00814705,0.81470500,12,484
37,976000,0.00802498858848395334087722747,0.00814704,0.81470400,11,486
37,977000,0.00796373642883907460403402683,0.00814703,0.81470300,10,486
37,978000,0.00750038024816301730371736254,0.00814702,0.81470200,9,250
37,979000,0.00814700797629788029357140547,0.00814701,0.81470100,8,897
37,980000,0.00809208919587295634243746133,0.00809209,0.80920900,6,897
37,981000,0.00803563925055762718427298417,0.00803564,0.80356400,6,897
37,982000,0.007558077743822913362481820335,0.00755808,0.75580800,6,551
37,983000,0.007504204036835444610785296385,0.00750421,0.75042100,5,551
37,984000,0.00594621531046141760805569465,0.00706958,0.70695800,5,897
37,985000,0.00594506248730815237527598682,0.00706957,0.70695700,5,897
37,986000,0.005965095018558930160305533665,0.00706956,0.70695600,4,897
37,987000,0.00699582557255350680035924232,0.00706955,0.70695500,4,250
37,988000,0.00567206643234862225927308398,0.00706954,0.70695400,3,897
37,989000,0.00706952321948814357727261338,0.00706953,0.70695300,3,897
37,990000,0.005473533151036799634485515175,0.00663344,0.66334400,2,250
37,991000,0.00572043843038867822787051022,0.00663343,0.66334300,2,897
37,992000,0.005507593314795440672919297625,0.00663342,0.66334200,2,897
37,993000,0.005309576842510917485248056725,0.00663341,0.66334100,2,250
37,994000,0.006531253711311171587540886215,0.00663340,0.66334000,2,250
37,995000,0.00663338001423408531939832824,0.00663339,0.66333900,2,250
37,996000,0.00648415189074412911963048246,0.00660967,0.66096700,1,897
37,997000,0.006609658436237836516395474885,0.00660966,0.66096600,1,897
38,792000,0.008810039404651029813801473125,0.01295837,1.29583700,1,817
38,793000,0.01220245951600955448646700676,0.01295836,1.29583600,3,283
38,794000,0.01214623623816229081619454730,0.01295835,1.29583500,3,283
38,795000,0.00808422024363730914426007576,0.01295834,1.29583400,3,283
38,796000,0.00883907425696104005218810209,0.01295833,1.29583300,3,283
38,797000,0.00910587708660229206997897264,0.01295832,1.29583200,4,283
38,798000,0.009629411173796776233954405905,0.01295831,1.29583100,6,509
38,799000,0.009131354818216792001683033095,0.01295830,1.29583000,7,727
38,800000,0.009368995180288333449430921415,0.01295829,1.29582900,7,283
38,801000,0.009390223883867948900588000975,0.01295828,1.29582800,8,727
38,802000,0.008663486932960704946484321595,0.01295827,1.29582700,8,646
38,803000,0.01130546404866964029721131154,0.01295826,1.29582600,10,789
38,804000,0.01295824469904399625980399884,0.01295825,1.29582500,12,831
38,805000,0.01116360878185859117239505188,0.01280267,1.28026700,16,646
38,806000,0.00920246513957543610144381318,0.01280266,1.28026600,15,115
38,807000,0.00948191461604836064995839020,0.01280265,1.28026500,17,831
38,808000,0.00951423822223456687946248808,0.01280264,1.28026400,19,314
38,809000,0.009462314490318551475130316645,0.01280263,1.28026300,21,314
38,810000,0.00953415779000856922292791827,0.01280262,1.28026200,23,831
38,811000,0.01212816916711131488410444856,0.01280261,1.28026100,24,825
38,812000,0.01237723766049623226621586668,0.01280260,1.28026000,25,825
38,813000,0.01229026018650461006252522022,0.01280259,1.28025900,31,825
38,814000,0.01210053186355745421646932973,0.01280258,1.28025800,33,499
38,815000,0.01209674670795378572104453452,0.01280257,1.28025700,36,499
38,816000,0.01209593929755830777013955698,0.01280256,1.28025600,36,499
38,817000,0.01209215701415256988137775050,0.01280255,1.28025500,39,499
38,818000,0.01142221084835161217836798216,0.01280254,1.28025400,44,6
38,819000,0.01280252776423227775978059082,0.01280253,1.28025300,47,423
38,820000,0.01272092113254471666170491153,0.01272093,1.27209300,50,423
38,821000,0.01179886498616505357966234165,0.01220316,1.22031600,53,612
38,822000,0.01178738830546366854425766628,0.01220315,1.22031500,54,612
38,823000,0.01178333960690887456463384018,0.01220314,1.22031400,57,612
38,824000,0.01178333960690887456463384018,0.01220313,1.22031300,60,612
38,825000,0.01209538941852063529075085846,0.01220312,1.22031200,68,306
38,826000,0.01190952024220064101358825903,0.01220311,1.22031100,70,306
38,827000,0.01190588169645759903929299892,0.01220310,1.22031000,78,306
38,828000,0.01206543599251332459879805228,0.01220309,1.22030900,79,306
38,829000,0.01200249859691794666513006079,0.01220308,1.22030800,82,306
38,830000,0.01177174416326363779162968126,0.01220307,1.22030700,88,985
38,831000,0.01191902586326768273338496326,0.01220306,1.22030600,96,833
38,832000,0.01220304844593947257706966666,0.01220305,1.22030500,99,615
38,833000,0.01198879715276777128431001756,0.01207985,1.20798500,108,615
38,834000,0.01183105440309750741774238314,0.01207984,1.20798400,124,357
38,835000,0.01184845788987571710454954520,0.01207983,1.20798300,130,705
38,836000,0.01195158327232229741646828118,0.01207982,1.20798200,137,357
38,837000,0.01167473175504906705365935878,0.01207981,1.20798100,142,357
38,838000,0.01106724086615472993242833124,0.01207980,1.20798000,151,200
38,839000,0.00967933600331363328280125301,0.01207979,1.20797900,159,266
38,840000,0.01119457945999671022051089302,0.01207978,1.20797800,162,236
38,841000,0.01140394045024145697523484606,0.01207977,1.20797700,166,315
38,842000,0.01139852354817119605608797648,0.01207976,1.20797600,173,315
38,843000,0.01184009101510219928454577965,0.01207975,1.20797500,179,983
38,844000,0.01203381523334123565192471642,0.01207974,1.20797400,186,315
38,845000,0.01203381523334123565192471642,0.01207973,1.20797300,193,315
38,846000,0.01207971930338765985338305172,0.01207972,1.20797200,205,68
38,847000,0.01201029110032331665113496257,0.01201031,1.20103100,212,783
38,848000,0.01201029110032331665113496257,0.01201030,1.20103000,217,783
38,849000,0.01162107164784621959248555572,0.01198573,1.19857300,225,96
38,850000,0.01136757263066872589269549932,0.01198572,1.19857200,236,762
38,851000,0.01126147936516060921218484996,0.01198571,1.19857100,242,362
38,852000,0.01132051346402819383640383142,0.01198570,1.19857000,254,346
38,853000,0.01124145781021962100338176400,0.01198569,1.19856900,259,407
38,854000,0.01126673568777389104789840406,0.01198568,1.19856800,268,362
38,855000,0.01144356199348719304189197038,0.01198567,1.19856700,276,96
38,856000,0.01108613727207190825973169984,0.01198566,1.19856600,277,185
38,857000,0.01074788047860271486124075480,0.01198565,1.19856500,283,400
38,858000,0.01136439912205825308882080678,0.01198564,1.19856400,279,298
38,859000,0.01187883163337991437143734930,0.01198563,1.19856300,285,298
38,860000,0.01187883163337991437143734930,0.01198562,1.19856200,289,298
38,861000,0.01187883163337991437143734930,0.01198561,1.19856100,302,298
38,862000,0.01160958333082358474230870968,0.01198560,1.19856000,307,583
38,863000,0.01153762611419226970627708384,0.01198559,1.19855900,318,298
38,864000,0.01141633986863806474386111635,0.01198558,1.19855800,325,467
38,865000,0.01136308201962489867776342613,0.01198557,1.19855700,326,467
38,866000,0.01198554409039262074135112422,0.01198556,1.19855600,333,467
38,867000,0.01198554409039262074135112422,0.01198555,1.19855500,339,467
38,868000,0.01096698516277727424535421912,0.01141188,1.14118800,341,930
38,869000,0.01124351608062939162540960422,0.01141187,1.14118700,349,974
38,870000,0.01141185743633668497435752715,0.01141186,1.14118600,351,611
38,871000,0.01061793680853140502663059141,0.01127685,1.12768500,359,731
38,872000,0.00962771241684052261026632384,0.01127684,1.12768400,356,114
38,873000,0.01087633581309223606309200445,0.01127683,1.12768300,360,187
38,874000,0.01127681719344560974248387458,0.01127682,1.12768200,364,279
38,875000,0.01112143153509907101466091106,0.01112144,1.11214400,363,584
38,876000,0.01102744642251998014373616268,0.01103682,1.10368200,369,656
38,877000,0.01075243175204467899501196560,0.01103681,1.10368100,374,854
38,878000,0.01095081900619937756817715198,0.01103680,1.10368000,377,3
38,879000,0.01086929971208230492501046894,0.01103679,1.10367900,381,70
38,880000,0.01010436569985543007407366486,0.01103678,1.10367800,382,460
38,881000,0.01008537308262379339036228236,0.01103677,1.10367700,389,460
38,882000,0.01005580614944253690002189002,0.01103676,1.10367600,387,460
38,883000,0.01003956989524437981308206186,0.01103675,1.10367500,390,854
38,884000,0.01027811934730673888746338116,0.01103674,1.10367400,396,81
38,885000,0.01084221304546491876607377457,0.01103673,1.10367300,400,170
38,886000,0.01086182346811195362813681209,0.01103672,1.10367200,401,170
38,887000,0.01080455442936508143761848792,0.01103671,1.10367100,403,170
38,888000,0.01092859790319183149130185368,0.01103670,1.10367000,408,170
38,889000,0.01087756554410287495401061998,0.01103669,1.10366900,412,170
38,890000,0.01011457358200890682455630393,0.01103668,1.10366800,412,150
38,891000,0.01075270562545051113805105941,0.01103667,1.10366700,415,447
38,892000,0.01053710118191918867400730963,0.01103666,1.10366600,420,447
38,893000,0.01100484058490050856223639222,0.01103665,1.10366500,418,512
38,894000,0.01045110341207387705975305634,0.01103664,1.10366400,421,447
38,895000,0.01043965268704030696844760743,0.01103663,1.10366300,417,447
38,896000,0.01009868176857143533176573242,0.01103662,1.10366200,415,939
38,897000,0.01009890832088081323612121664,0.01103661,1.10366100,422,620
38,898000,0.01008533901158171958061292734,0.01103660,1.10366000,424,620
38,899000,0.01065423068819582112512316135,0.01103659,1.10365900,419,639
38,900000,0.01083567305699927729544836630,0.01103658,1.10365800,419,230
38,901000,0.01098501957854569657530801722,0.01103657,1.10365700,418,230
38,902000,0.01094443187694043843159567152,0.01103656,1.10365600,416,230
38,903000,0.01094398508983681303586038266,0.01103655,1.10365500,419,230
38,904000,0.01092532871890195736144266564,0.01103654,1.10365400,413,715
38,905000,0.01103651396578022470932619134,0.01103653,1.10365300,407,715
38,906000,0.01103651396578022470932619134,0.01103652,1.10365200,405,715
38,907000,0.01077422435678256736014205984,0.01097912,1.09791200,403,715
38,908000,0.01060610562594354933955807751,0.01097911,1.09791100,400,13
38,909000,0.01042003288796353971011441248,0.01097910,1.09791000,401,13
38,910000,0.01042003288796353971011441248,0.01097909,1.09790900,396,13
38,911000,0.01003519553902653269250775958,0.01097908,1.09790800,398,975
38,912000,0.01050079970310125755930201450,0.01097907,1.09790700,396,84
38,913000,0.01030859796247396693534166497,0.01097906,1.09790600,394,84
38,914000,0.01030859796247396693534166497,0.01097905,1.09790500,387,84
38,915000,0.01018131232193239229164899234,0.01097904,1.09790400,377,84
38,916000,0.01017341647896470983544175150,0.01097903,1.09790300,374,84
38,917000,0.01085883458071206022541595901,0.01097902,1.09790200,368,392
38,918000,0.01053111452023598092387837138,0.01097901,1.09790100,362,392
38,919000,0.01086651654812509255644686612,0.01097900,1.09790000,356,392
38,920000,0.01014594287844218790961954854,0.01097899,1.09789900,348,909
38,921000,0.01011509531502738774223279247,0.01097898,1.09789800,346,909
38,922000,0.009665218971325533498085146665,0.01097897,1.09789700,346,415
38,923000,0.00968943226114717212925872747,0.01097896,1.09789600,336,415
38,924000,0.00966350064239601804971521116,0.01097895,1.09789500,336,415
38,925000,0.009457903460152795652157869145,0.01097894,1.09789400,327,981
38,926000,0.01097891779418574125874920084,0.01097893,1.09789300,327,746
38,927000,0.01097891779418574125874920084,0.01097892,1.09789200,321,746
38,928000,0.01097848381274980811195013738,0.01097849,1.09784900,318,746
38,929000,0.01082888450830989843782049348,0.01082889,1.08288900,313,546
38,930000,0.01081400592363950537432860287,0.01081401,1.08140100,307,948
38,931000,0.01056103596419123858760609774,0.01056104,1.05610400,303,948
38,932000,0.01046383428777324923916073982,0.01046384,1.04638400,301,442
38,933000,0.01027992274528401065936355255,0.01045310,1.04531000,295,442
38,934000,0.01027992274528401065936355255,0.01045309,1.04530900,286,442
38,935000,0.01020559459840011292533798068,0.01045308,1.04530800,282,915
38,936000,0.01005732659850618947580167195,0.01045307,1.04530700,281,442
38,937000,0.01045305481785486707625279658,0.01045306,1.04530600,275,296
38,938000,0.01010467805504249603903569476,0.01040903,1.04090300,273,442
38,939000,0.009564261675639272392461055675,0.01040902,1.04090200,269,442
38,940000,0.009697133648432936840960124905,0.01040901,1.04090100,261,442
38,941000,0.00999754930989527377142944975,0.01040900,1.04090000,256,855
38,942000,0.00970988097164944299686079743,0.01040899,1.04089900,257,670
38,943000,0.00968489040327438330985339159,0.01040898,1.04089800,249,670
38,944000,0.01024141376116022768761619746,0.01040897,1.04089700,244,308
38,945000,0.01021007044834289508845177404,0.01040896,1.04089600,239,308
38,946000,0.01012719276698675192767667839,0.01040895,1.04089500,232,272
38,947000,0.01040893921598459969995805153,0.01040894,1.04089400,227,458
38,948000,0.009826569171677788788584696815,0.01038459,1.03845900,227,667
38,949000,0.009558976753767265140418701825,0.01038458,1.03845800,220,742
38,950000,0.00961412346475286200380124539,0.01038457,1.03845700,215,742
38,951000,0.01035574043903125599726490118,0.01038456,1.03845600,213,742
38,952000,0.008860567510689423781838426645,0.01038455,1.03845500,208,483
38,953000,0.00994189084294033056294838064,0.01038454,1.03845400,206,239
38,954000,0.00995252258214919653736463735,0.01038453,1.03845300,196,239
38,955000,0.009561892350188308651791165595,0.01038452,1.03845200,192,48
38,956000,0.01038450670149780308540084778,0.01038451,1.03845100,189,48
38,957000,0.01025202458145372576237336094,0.01028528,1.02852800,185,265
38,958000,0.01028526610143215702897558396,0.01028527,1.02852700,182,117
38,959000,0.01007384795835314133223045429,0.01017019,1.01701900,179,265
38,960000,0.009279213013001427464954995855,0.01017018,1.01701800,174,189
38,961000,0.009251941605211893082455494175,0.01017017,1.01701700,168,189
38,962000,0.01005777397956870087603258261,0.01017016,1.01701600,165,189
38,963000,0.01000291686466975565297537446,0.01017015,1.01701500,160,189
38,964000,0.00930018776850178605480469424,0.01017014,1.01701400,158,43
38,965000,0.009294300622545178848053856995,0.01017013,1.01701300,156,43
38,966000,0.00987971890766207183144446172,0.01017012,1.01701200,152,664
38,967000,0.009896620979987509243683214215,0.01017011,1.01701100,149,664
38,968000,0.009184733725134712025110524115,0.01017010,1.01701000,148,94
38,969000,0.009088161354719337936157718865,0.01017009,1.01700900,137,56
38,970000,0.00988885309206965685616009505,0.01017008,1.01700800,128,56
38,971000,0.00891311816104505263273299878,0.01017007,1.01700700,120,73
38,972000,0.009667990567384426033510447555,0.01017006,1.01700600,115,945
38,973000,0.00996141687939306453362176009,0.01017005,1.01700500,107,73
38,974000,0.01017003873742959313374619393,0.01017004,1.01700400,106,273
38,975000,0.01013715202041688989200192579,0.01013716,1.01371600,103,273
38,976000,0.01001456942255085546582556839,0.01001457,1.00145700,101,484
38,977000,0.00984566441922512959419378548,0.00999318,0.99931800,99,484
38,978000,0.00964858818747004879421067796,0.00999317,0.99931700,95,978
38,979000,0.009693154892450326739190011475,0.00999316,0.99931600,93,978
38,980000,0.009572638769239718231125590475,0.00999315,0.99931500,91,740
38,981000,0.009187662524010119721757980475,0.00999314,0.99931400,89,752
38,982000,0.009993112805105945806468505625,0.00999313,0.99931300,84,752
38,983000,0.009993112805105945806468505625,0.00999312,0.99931200,80,752
38,984000,0.00846756857565930345329914964,0.00846757,0.84675700,78,991
38,985000,0.00822858535869729858457672022,0.00828345,0.82834500,75,752
38,986000,0.00810513985071116194926171406,0.00828344,0.82834400,73,413
38,987000,0.00815354926464313140543180796,0.00828343,0.82834300,68,89
38,988000,0.008283413911483472026162898235,0.00828342,0.82834200,67,89
38,989000,0.007999795935596685972599769875,0.00821257,0.82125700,62,752
38,990000,0.007797689474257117740363140985,0.00821256,0.82125600,58,89
38,991000,0.007735086287768709126069235355,0.00821255,0.82125500,53,89
38,992000,0.007836463429710698029254525405,0.00821254,0.82125400,52,670
38,993000,0.007751898835575281353788554045,0.00821253,0.82125300,51,740
38,994000,0.007709056391707488222967186895,0.00821252,0.82125200,47,486
38,995000,0.008212509997942529377724823305,0.00821251,0.82125100,44,670
38,996000,0.008154550449519374717804500815,0.00820288,0.82028800,42,670
38,997000,0.00797632762734309729090397736,0.00820287,0.82028700,41,457
38,998000,0.00763430907705505032659329299,0.00820286,0.82028600,38,551
38,999000,0.007788470079825320622239081185,0.00820285,0.82028500,37,28
38,1000000,0.00820283994494653211752094269,0.00820284,0.82028400,36,457
39,806000,0.01191534783970938040848154070,0.01337765,1.33776500,1,198
39,807000,0.01189470753542575658455144448,0.01337764,1.33776400,1,198
39,808000,0.01187996764728371459548259634,0.01337763,1.33776300,1,198
39,809000,0.01187577331459816432028203676,0.01337762,1.33776200,1,198
39,810000,0.01186690892757602676784954333,0.01337761,1.33776100,1,198
39,811000,0.009001868241961095874529019865,0.01337760,1.33776000,1,198
39,812000,0.008999236251605650570219346395,0.01337759,1.33775900,2,198
39,813000,0.009264402554640037821911253405,0.01337758,1.33775800,2,37
39,814000,0.009264402554640037821911253405,0.01337757,1.33775700,2,37
39,815000,0.00931176040550482226366417876,0.01337756,1.33775600,2,37
39,816000,0.00931176040550482226366417876,0.01337755,1.33775500,3,37
39,817000,0.00867801422077278727210215050,0.01337754,1.33775400,3,37
39,818000,0.00910549990834094195759634629,0.01337753,1.33775300,3,702
39,819000,0.009103003374060896723079910045,0.01337752,1.33775200,4,702
39,820000,0.009169265168437484247357411395,0.01337751,1.33775100,4,702
39,821000,0.009169265168437484247357411395,0.01337750,1.33775000,4,702
39,822000,0.008518480033870225461858620545,0.01337749,1.33774900,5,702
39,823000,0.008668552169710426446201925575,0.01337748,1.33774800,6,630
39,824000,0.008989357065346525489189094865,0.01337747,1.33774700,6,630
39,825000,0.00898702135777657115296297600,0.01337746,1.33774600,6,630
39,826000,0.00904178405236347994967256241,0.01337745,1.33774500,6,630
39,827000,0.00904178405236347994967256241,0.01337744,1.33774400,6,630
39,828000,0.008430724821454394397766449795,0.01337743,1.33774300,7,630
39,829000,0.00882004947818856245593416026,0.01337742,1.33774200,8,459
39,830000,0.00878451435744614740400726144,0.01337741,1.33774100,8,459
39,831000,0.00877698660657277402198438837,0.01337740,1.33774000,8,459
39,832000,0.00855460414805877875596299382,0.01337739,1.33773900,8,459
39,833000,0.00854984180186759976806094407,0.01337738,1.33773800,8,459
39,834000,0.008282770332112342204089948295,0.01337737,1.33773700,8,448
39,835000,0.00873836543662006283124153124,0.01337736,1.33773600,9,448
39,836000,0.00867401838568089443973971590,0.01337735,1.33773500,9,261
39,837000,0.00872503909280978394322270987,0.01337734,1.33773400,9,261
39,838000,0.00848991851258605302965623937,0.01337733,1.33773300,9,37
39,839000,0.008757096129171880636509601925,0.01337732,1.33773200,10,499
39,840000,0.00911814027828438812719418328,0.01337731,1.33773100,11,845
39,841000,0.009291431651282586026136010765,0.01337730,1.33773000,13,845
39,842000,0.01099495942559150357828370611,0.01337729,1.33772900,14,162
39,843000,0.01080439854139964008786573666,0.01337728,1.33772800,16,162
39,844000,0.01069733490369498061309597591,0.01337727,1.33772700,17,162
39,845000,0.00930216605487308712757138205,0.01337726,1.33772600,19,845
39,846000,0.00930216605487308712757138205,0.01337725,1.33772500,20,845
39,847000,0.00914931639825080705269595909,0.01337724,1.33772400,26,969
39,848000,0.009100282313883779790105372535,0.01337723,1.33772300,29,593
39,849000,0.009390076428706799498405980625,0.01337722,1.33772200,30,395
39,850000,0.008570214169569204053167920905,0.01337721,1.33772100,30,825
39,851000,0.00887758244934603951363363125,0.01337720,1.33772000,32,668
39,852000,0.01132630209386930114400596068,0.01337719,1.33771900,36,764
39,853000,0.01189729834511319089015760007,0.01337718,1.33771800,39,764
39,854000,0.01189729834511319089015760007,0.01337717,1.33771700,41,764
39,855000,0.01185856359724731513739918589,0.01337716,1.33771600,43,764
39,856000,0.01067780282014567454101828821,0.01337715,1.33771500,47,764
39,857000,0.01162711244062032510672714314,0.01337714,1.33771400,49,302
39,858000,0.01161932830841599758683913885,0.01337713,1.33771300,59,302
39,859000,0.01161932830841599758683913885,0.01337712,1.33771200,60,302
39,860000,0.01157595026841294044255920615,0.01337711,1.33771100,63,302
39,861000,0.01175082168398158419841722780,0.01337710,1.33771000,65,39
39,862000,0.01151831287098323196822808452,0.01337709,1.33770900,69,39
39,863000,0.01088019118042461254773667238,0.01337708,1.33770800,69,683
39,864000,0.01043600576378366685610404666,0.01337707,1.33770700,71,55
39,865000,0.01113710891382218763713609353,0.01337706,1.33770600,75,619
39,866000,0.01053459636957950092134920664,0.01337705,1.33770500,79,55
39,867000,0.01031948760122116231676749050,0.01337704,1.33770400,82,865
39,868000,0.01093600943099352973633665496,0.01337703,1.33770300,88,865
39,869000,0.01087424199644915898998574558,0.01337702,1.33770200,92,423
39,870000,0.01063264262563329435726514218,0.01337701,1.33770100,96,905
39,871000,0.01039560605257875939592029686,0.01337700,1.33770000,100,905
39,872000,0.01038218200134689088618533708,0.01337699,1.33769900,109,905
39,873000,0.01146972072837096586429148926,0.01337698,1.33769800,111,707
39,874000,0.01146209825202289470656555158,0.01337697,1.33769700,114,707
39,875000,0.01145558079902060118407944549,0.01337696,1.33769600,120,707
39,876000,0.01129733641358739524016185805,0.01337695,1.33769500,126,707
39,877000,0.01127444951261775990249397536,0.01337694,1.33769400,128,707
39,878000,0.01308601940015698479554934866,0.01337693,1.33769300,131,707
39,879000,0.01092449667906496818924667696,0.01337692,1.33769200,137,603
39,880000,0.01078593313023083200295277252,0.01337691,1.33769100,145,210
39,881000,0.01016569774828849643456600246,0.01337690,1.33769000,148,707
39,882000,0.01037019571879966633264965692,0.01337689,1.33768900,158,34
39,883000,0.01034882142363167761700526595,0.01337688,1.33768800,167,34
39,884000,0.01113710273878857560342351151,0.01337687,1.33768700,171,598
39,885000,0.01086836812726423244129884980,0.01337686,1.33768600,179,598
39,886000,0.01082941953207988892571301228,0.01337685,1.33768500,184,598
39,887000,0.01061224117350720160769082182,0.01337684,1.33768400,189,960
39,888000,0.01055275005414586820843889379,0.01337683,1.33768300,190,960
39,889000,0.01110675515706665808258262474,0.01337682,1.33768200,197,701
39,890000,0.01319703522433461513554394382,0.01337681,1.33768100,205,895
39,891000,0.01337679879741298324510279772,0.01337680,1.33768000,213,895
39,892000,0.01324554893685285559567545664,0.01324555,1.32455500,214,895
39,893000,0.01082559918473206596618919005,0.01291114,1.29111400,222,895
39,894000,0.01055455709059036097343340362,0.01291113,1.29111300,226,895
39,895000,0.01064651748303788395278989834,0.01291112,1.29111200,234,485
39,896000,0.01061215666331510144107763754,0.01291111,1.29111100,238,592
39,897000,0.01095364298231935137409626860,0.01291110,1.29111000,240,592
39,898000,0.01033262561493256542022787890,0.01291109,1.29110900,247,447
39,899000,0.01113324678197692435121371496,0.01291108,1.29110800,256,723
39,900000,0.01083438727110413612879182509,0.01291107,1.29110700,264,723
39,901000,0.01099018565835039639273898080,0.01291106,1.29110600,272,723
39,902000,0.01098828631132282219579645939,0.01291105,1.29110500,279,723
39,903000,0.01096680617402612835741220364,0.01291104,1.29110400,283,723
39,904000,0.01068368680996550915079856006,0.01291103,1.29110300,295,518
39,905000,0.01039328359858453583263010982,0.01291102,1.29110200,302,169
39,906000,0.01058713063599180438721403506,0.01291101,1.29110100,307,525
39,907000,0.01053864549881004050134172541,0.01291100,1.29110000,315,290
39,908000,0.01053864549881004050134172541,0.01291099,1.29109900,318,290
39,909000,0.01042022641831233743446883608,0.01291098,1.29109800,318,169
39,910000,0.01059379835778494172663469441,0.01291097,1.29109700,330,253
39,911000,0.01040722982914647907219442938,0.01291096,1.29109600,334,233
39,912000,0.01040722982914647907219442938,0.01291095,1.29109500,338,233
39,913000,0.01024714753203446693014069330,0.01291094,1.29109400,342,253
39,914000,0.01024714753203446693014069330,0.01291093,1.29109300,352,253
39,915000,0.01030141502463550136245498852,0.01291092,1.29109200,361,233
39,916000,0.01082633021758321960670146759,0.01291091,1.29109100,366,680
39,917000,0.01082633021758321960670146759,0.01291090,1.29109000,374,680
39,918000,0.01022477006786603420909307034,0.01291089,1.29108900,383,508
39,919000,0.01019568869528635800134455446,0.01291088,1.29108800,388,508
39,920000,0.01016917554526435647891555154,0.01291087,1.29108700,397,84
39,921000,0.01008760903261266206022927136,0.01291086,1.29108600,398,392
39,922000,0.01102238092259838677612813676,0.01291085,1.29108500,400,392
39,923000,0.009787325086445574161816772015,0.01291084,1.29108400,410,536
39,924000,0.01106444448707832204115546706,0.01291083,1.29108300,411,465
39,925000,0.01081899213347523863604235088,0.01291082,1.29108200,419,465
39,926000,0.01082102432831631897471517034,0.01291081,1.29108100,424,995
39,927000,0.01041125416708901529786280773,0.01291080,1.29108000,428,995
39,928000,0.01040857067369818480525425213,0.01291079,1.29107900,425,635
39,929000,0.01043066498372418040303379274,0.01291078,1.29107800,432,522
39,930000,0.01291076044443055690638272898,0.01291077,1.29107700,438,546
39,931000,0.01055298454869535274014810544,0.01121006,1.12100600,439,546
39,932000,0.01055197143757708075183093630,0.01121005,1.12100500,445,546
39,933000,0.01084055154192450941025226412,0.01121004,1.12100400,447,546
39,934000,0.01082840810448916440549666760,0.01121003,1.12100300,449,546
39,935000,0.01034328718952938755581168067,0.01121002,1.12100200,459,287
39,936000,0.01121000451014793699122698740,0.01121001,1.12100100,460,287
39,937000,0.01119855577199632002946365581,0.01119856,1.11985600,463,287
39,938000,0.01091276405253704998810117568,0.01097619,1.09761900,467,658
39,939000,0.01047959398923964801035832752,0.01097618,1.09761800,465,266
39,940000,0.01095099603616925990360951518,0.01097617,1.09761700,473,588
39,941000,0.01095099603616925990360951518,0.01097616,1.09761600,473,588
39,942000,0.01024221034852755201547138067,0.01097615,1.09761500,474,406
39,943000,0.01049460330872886443127112484,0.01097614,1.09761400,480,506
39,944000,0.01089875681074395255242231666,0.01097613,1.09761300,481,274
39,945000,0.01060026691875426544491533782,0.01097612,1.09761200,481,604
39,946000,0.01091154141177291916676123488,0.01097611,1.09761100,488,388
39,947000,0.01091154141177291916676123488,0.01097610,1.09761000,488,388
39,948000,0.01032526417206380333420861498,0.01097609,1.09760900,483,537
39,949000,0.01059808293447437598578514600,0.01097608,1.09760800,482,495
39,950000,0.01058722987233869282834884989,0.01097607,1.09760700,482,495
39,951000,0.01075948211933776299874776274,0.01097606,1.09760600,479,495
39,952000,0.01075948211933776299874776274,0.01097605,1.09760500,479,495
39,953000,0.01043646527147448128821262846,0.01097604,1.09760400,484,650
39,954000,0.01072077540773367173481668504,0.01097603,1.09760300,487,429
39,955000,0.01070859521437693832371015962,0.01097602,1.09760200,482,429
39,956000,0.01089194273397975408250457874,0.01097601,1.09760100,481,429
39,957000,0.01089194273397975408250457874,0.01097600,1.09760000,486,429
39,958000,0.01092192706209281903012437073,0.01097599,1.09759900,485,45
39,959000,0.01001722303043778687783587886,0.01097598,1.09759800,481,11
39,960000,0.01067741409362525428163454789,0.01097597,1.09759700,482,856
39,961000,0.01097595900863132166885729226,0.01097596,1.09759600,481,856
39,962000,0.01093238883813690666265462776,0.01093239,1.09323900,474,856
39,963000,0.01087851327658060306201702788,0.01087852,1.08785200,472,856
39,964000,0.01028002880908201655348637620,0.01031902,1.03190200,470,304
39,965000,0.01031900282806636969572458984,0.01031901,1.03190100,463,304
39,966000,0.01020257756167974469192690450,0.01020258,1.02025800,459,319
39,967000,0.01014516737853120728413068800,0.01019729,1.01972900,456,319
39,968000,0.00999477809806475142958116204,0.01019728,1.01972800,451,445
39,969000,0.00996377792543550238586392074,0.01019727,1.01972700,453,445
39,970000,0.00994942337098943452846902027,0.01019726,1.01972600,457,212
39,971000,0.01019724325454307958831595462,0.01019725,1.01972500,460,56
39,972000,0.009797498246868737590275355185,0.01016903,1.01690300,453,105
39,973000,0.01006753274504227422629169022,0.01016902,1.01690200,453,945
39,974000,0.01001374451541397137529498064,0.01016901,1.01690100,447,809
39,975000,0.01010027507434108604598407545,0.01016900,1.01690000,441,826
39,976000,0.01002526407831969534683160071,0.01016899,1.01689900,438,858
39,977000,0.01005141272402546978640305052,0.01016898,1.01689800,433,105
39,978000,0.009894824062261036324787585605,0.01016897,1.01689700,437,105
39,979000,0.00848872004407326189552579044,0.01016896,1.01689600,437,858
39,980000,0.00912201987829254123003856510,0.01016895,1.01689500,432,952
39,981000,0.009872700746802254784426295535,0.01016894,1.01689400,430,952
39,982000,0.009872232579830474652124647255,0.01016893,1.01689300,427,952
39,983000,0.00987884892198404590572500688,0.01016892,1.01689200,421,952
39,984000,0.009723947963780818155297584615,0.01016891,1.01689100,419,564
39,985000,0.00946653572485986570421190292,0.01016890,1.01689000,420,526
39,986000,0.00943527342747374116092787124,0.01016889,1.01688900,415,526
39,987000,0.009577232701452952333031084825,0.01016888,1.01688800,412,651
39,988000,0.009545028633431159873539469965,0.01016887,1.01688700,403,526
39,989000,0.01016885256473266356099539041,0.01016886,1.01688600,399,174
39,990000,0.00999836888336671197310197916,0.00999837,0.99983700,398,174
39,991000,0.009148275987446060072304961425,0.00967125,0.96712500,397,77
39,992000,0.00905377409542071253887897187,0.00967124,0.96712400,391,609
39,993000,0.00964440740342475003288679652,0.00967123,0.96712300,388,77
39,994000,0.00963929616833392387072175160,0.00967122,0.96712200,386,77
39,995000,0.00967120340705014137553105441,0.00967121,0.96712100,382,77
39,996000,0.00947947293762196218410867290,0.00955133,0.95513300,380,77
39,997000,0.00886288803012856891684080316,0.00955132,0.95513200,376,433
39,998000,0.00955129082367063696642715576,0.00955131,0.95513100,378,433
39,999000,0.00955129082367063696642715576,0.00955130,0.95513000,373,433
39,1000000,0.00891166837229131438590029085,0.00891167,0.89116700,370,267
40,857000,0.007867169460145639070735199245,0.01341236,1.34123600,2,390
40,858000,0.008271292043333351494106712935,0.01341235,1.34123500,2,750
40,859000,0.00824718874336082137908610658,0.01341234,1.34123400,3,390
40,860000,0.008273563426497185013650007355,0.01341233,1.34123300,3,750
40,861000,0.00825114623019310813182313636,0.01341232,1.34123200,3,750
40,862000,0.00667925499866443090609617595,0.01341231,1.34123100,3,448
40,863000,0.00665561378658349907876255430,0.01341230,1.34123000,3,448
40,864000,0.00733508817260183543906982179,0.01341229,1.34122900,3,750
40,865000,0.00752161732425922817629302301,0.01341228,1.34122800,4,750
40,866000,0.00738532352883329284402748269,0.01341227,1.34122700,4,390
40,867000,0.00741504895284180273699792688,0.01341226,1.34122600,5,390
40,868000,0.007407596985742110506330972005,0.01341225,1.34122500,5,390
40,869000,0.007020754688148416106441487595,0.01341224,1.34122400,6,448
40,870000,0.00820561857102346377982878835,0.01341223,1.34122300,8,923
40,871000,0.008148694893200003679464714395,0.01341222,1.34122200,8,923
40,872000,0.009549901350454291089344755115,0.01341221,1.34122100,11,55
40,873000,0.01033553411378335738016011087,0.01341220,1.34122000,11,292
40,874000,0.01020684995345989513864525586,0.01341219,1.34121900,11,292
40,875000,0.01043862467727493083050125188,0.01341218,1.34121800,12,905
40,876000,0.01111916979744991723542058865,0.01341217,1.34121700,14,756
40,877000,0.01127067952082050967136107352,0.01341216,1.34121600,16,756
40,878000,0.01085244245712695778066190681,0.01341215,1.34121500,18,756
40,879000,0.01321457713677239055943848803,0.01341214,1.34121400,18,756
40,880000,0.01341212968719275794384156678,0.01341213,1.34121300,19,756
40,881000,0.01332263288523403304634691786,0.01332265,1.33226500,20,756
40,882000,0.01332263288523403304634691786,0.01332264,1.33226400,22,756
40,883000,0.01003696006097319368140037993,0.01302230,1.30223000,22,634
40,884000,0.01026528554455292994370732271,0.01302229,1.30222900,22,235
40,885000,0.01066078666488274071219931516,0.01302228,1.30222800,23,82
40,886000,0.01088406444655616538492027502,0.01302227,1.30222700,24,634
40,887000,0.01210445226058366587232339742,0.01302226,1.30222600,25,82
40,888000,0.01067328628273939818603901492,0.01302225,1.30222500,27,634
40,889000,0.01066243874755419863249054035,0.01302224,1.30222400,28,634
40,890000,0.01060925864430306250123347416,0.01302223,1.30222300,30,634
40,891000,0.01059973844446213476157699043,0.01302222,1.30222200,31,82
40,892000,0.01021053191312914432398568080,0.01302221,1.30222100,35,380
40,893000,0.01046099859491258782406664042,0.01302220,1.30222000,37,581
40,894000,0.01025326187112759879623888692,0.01302219,1.30221900,40,581
40,895000,0.01025326187112759879623888692,0.01302218,1.30221800,43,581
40,896000,0.01005617238196191707286540445,0.01302217,1.30221700,48,501
40,897000,0.01005617238196191707286540445,0.01302216,1.30221600,51,501
40,898000,0.00979809112502485565256546012,0.01302215,1.30221500,54,111
40,899000,0.01061171439097664554789226368,0.01302214,1.30221400,57,850
40,900000,0.01063865180375891679182365928,0.01302213,1.30221300,57,901
40,901000,0.01060969216543320693273938616,0.01302212,1.30221200,59,901
40,902000,0.01092320865657385882460215906,0.01302211,1.30221100,61,184
40,903000,0.01296451502210397384415620862,0.01302210,1.30221000,61,184
40,904000,0.01044268012252088647586537258,0.01302209,1.30220900,64,957
40,905000,0.01083644332172068821627224365,0.01302208,1.30220800,67,430
40,906000,0.01082471326506903968546560915,0.01302207,1.30220700,71,430
40,907000,0.01081306761359869794005830164,0.01302206,1.30220600,72,430
40,908000,0.01282575666462078437609228666,0.01302205,1.30220500,79,430
40,909000,0.01302203066882952483995640458,0.01302204,1.30220400,86,430
40,910000,0.01289252129040913410833312336,0.01289253,1.28925300,86,430
40,911000,0.01069049669473416413518779683,0.01275525,1.27552500,87,430
40,912000,0.01052759748064409492453170257,0.01275524,1.27552400,92,430
40,913000,0.01046566732763528521566147290,0.01275523,1.27552300,99,430
40,914000,0.01003484921929853561703700334,0.01275522,1.27552200,100,811
40,915000,0.009891494158206558360095757895,0.01275521,1.27552100,102,435
40,916000,0.01000067667340905629921924517,0.01275520,1.27552000,104,468
40,917000,0.00997846631481199815739653145,0.01275519,1.27551900,106,468
40,918000,0.00984891051141671949379738841,0.01275518,1.27551800,107,548
40,919000,0.01038868248835232527543340556,0.01275517,1.27551700,112,989
40,920000,0.01062499212518230319662718564,0.01275516,1.27551600,114,208
40,921000,0.01069230657920213595126549798,0.01275515,1.27551500,118,697
40,922000,0.01069230657920213595126549798,0.01275514,1.27551400,122,697
40,923000,0.01093976967388697882031217660,0.01275513,1.27551300,124,134
40,924000,0.01102395127439629991074016772,0.01275512,1.27551200,127,134
40,925000,0.01102395127439629991074016772,0.01275511,1.27551100,131,134
40,926000,0.01088064122906204854357590902,0.01275510,1.27551000,134,134
40,927000,0.01064245491259826972062603508,0.01275509,1.27550900,139,134
40,928000,0.01046990221615571364470312223,0.01275508,1.27550800,148,297
40,929000,0.01010733932388648166874741879,0.01275507,1.27550700,152,924
40,930000,0.01018993568104809350388554792,0.01275506,1.27550600,155,872
40,931000,0.01020937139984933472404114794,0.01275505,1.27550500,162,113
40,932000,0.01028312681839187896095321434,0.01275504,1.27550400,163,61
40,933000,0.01027697890370383778771085614,0.01275503,1.27550300,169,61
40,934000,0.01274273435888711363165915724,0.01275502,1.27550200,176,160
40,935000,0.01257770843304418844198184168,0.01275501,1.27550100,179,160
40,936000,0.01089263997887950685994839600,0.01275500,1.27550000,182,160
40,937000,0.01233091585020283666960924875,0.01275499,1.27549900,187,470
40,938000,0.01228395263499820538418963606,0.01275498,1.27549800,188,470
40,939000,0.01040871448422314002222516560,0.01275497,1.27549700,195,727
40,940000,0.01036640737664121871918780830,0.01275496,1.27549600,199,727
40,941000,0.01090403987582157389999516852,0.01275495,1.27549500,207,539
40,942000,0.01044215135611292955416961858,0.01275494,1.27549400,209,160
40,943000,0.01013378259843112133488496102,0.01275493,1.27549300,212,868
40,944000,0.01011217353089471075949170542,0.01275492,1.27549200,218,705
40,945000,0.01011217353089471075949170542,0.01275491,1.27549100,224,705
40,946000,0.00941387905660490762651753814,0.01275490,1.27549000,225,539
40,947000,0.01002654928998899282823353381,0.01275489,1.27548900,233,608
40,948000,0.01051184381893561653996868227,0.01275488,1.27548800,241,364
40,949000,0.01013867716786215338963927526,0.01275487,1.27548700,251,359
40,950000,0.01012686597485171205735663238,0.01275486,1.27548600,257,342
40,951000,0.01047514092281985877967968862,0.01275485,1.27548500,264,772
40,952000,0.01046927652733387101323408882,0.01275484,1.27548400,273,772
40,953000,0.01029186561310690493570545624,0.01275483,1.27548300,276,772
40,954000,0.01023691298065634362656869668,0.01275482,1.27548200,284,224
40,955000,0.01189637962065977166363906465,0.01275481,1.27548100,293,374
40,956000,0.01275479854772660244025215234,0.01275480,1.27548000,299,374
40,957000,0.01274237027886771632365536592,0.01274238,1.27423800,300,374
40,958000,0.01258974994536686214006412127,0.01258975,1.25897500,307,374
40,959000,0.01078242337666018545925291373,0.01078243,1.07824300,316,374
40,960000,0.01000748539563105328935761010,0.01056763,1.05676300,320,700
40,961000,0.01041510250957052741311681378,0.01056762,1.05676200,327,398
40,962000,0.01041510250957052741311681378,0.01056761,1.05676100,338,398
40,963000,0.01046374311917125900745021844,0.01056760,1.05676000,346,375
40,964000,0.00986897135187688551945815916,0.01056759,1.05675900,352,975
40,965000,0.01042006198008271788752847411,0.01056758,1.05675800,362,431
40,966000,0.01011760273338400429446840734,0.01056757,1.05675700,371,294
40,967000,0.00964319650410879535058941909,0.01056756,1.05675600,378,431
40,968000,0.00961719002617562026063109623,0.01056755,1.05675500,386,431
40,969000,0.01019379399901435641820867810,0.01056754,1.05675400,395,298
40,970000,0.01013736941746878217983942482,0.01056753,1.05675300,401,298
40,971000,0.01014414615884171292704564826,0.01056752,1.05675200,406,877
40,972000,0.01004067247274854261712188180,0.01056751,1.05675100,419,445
40,973000,0.009987913932806489608763504345,0.01056750,1.05675000,427,445
40,974000,0.01036859323222509880942322026,0.01056749,1.05674900,435,445
40,975000,0.009865657731204792185517978005,0.01056748,1.05674800,445,579
40,976000,0.00989731662551438192306347612,0.01056747,1.05674700,451,579
40,977000,0.009509897682775662023985686135,0.01056746,1.05674600,459,556
40,978000,0.01011610914664591070362303630,0.01056745,1.05674500,460,545
40,979000,0.009981094932185947900014388585,0.01056744,1.05674400,463,556
40,980000,0.009823734933468494493230835415,0.01056743,1.05674300,472,577
40,981000,0.01017240973849988554866276120,0.01056742,1.05674200,476,577
40,982000,0.009965347232632047100631556855,0.01056741,1.05674100,484,356
40,983000,0.00993267840959615757436490041,0.01056740,1.05674000,495,356
40,984000,0.009877493820843052575909531245,0.01056739,1.05673900,499,532
40,985000,0.009897904956063355362204330775,0.01056738,1.05673800,501,532
40,986000,0.00990342255803581650687899682,0.01056737,1.05673700,509,532
40,987000,0.00963444489749417507837941737,0.01056736,1.05673600,517,959
40,988000,0.01003369532638499639922204926,0.01056735,1.05673500,528,760
40,989000,0.01044666215627481116094460452,0.01056734,1.05673400,537,664
40,990000,0.01028421869452065983064474388,0.01056733,1.05673300,543,664
40,991000,0.01004950805419073917336391430,0.01056732,1.05673200,549,715
40,992000,0.01022939212109325712211789198,0.01056731,1.05673100,556,760
40,993000,0.01032159459331606828011110740,0.01056730,1.05673000,560,636
40,994000,0.01042824670989451055846604000,0.01056729,1.05672900,566,636
40,995000,0.01039270108594336846564611719,0.01056728,1.05672800,573,636
40,996000,0.01032409390145040430081843442,0.01056727,1.05672700,578,636
40,997000,0.01056725506564441772721816143,0.01056726,1.05672600,583,636
40,998000,0.01050987613643636736877504452,0.01050988,1.05098800,585,636
40,999000,0.01016025876913376924110625098,0.01016026,1.01602600,591,864
40,1000000,0.009960688630647926819746365445,0.00996069,0.99606900,595,636
